dataset,image,gt_dice,agreement_dice,agreement_iou,area_ratio,centroid_distance,boundary_agreement
cvc_clinicdb,cvc_1.jpg,0.6992191963436681,0.8277945619330443,0.7061855670095954,0.8439104314582195,0.0215108639715069,0.0842490842483127
cvc_clinicdb,cvc_10.jpg,0.9704693120660408,0.723914381948961,0.5672929556674988,0.5711278024354159,0.044552151976105,0.0756143667289639
cvc_clinicdb,cvc_100.jpg,0.9699762792274008,0.9761073825496804,0.9533298374397572,0.9882572724846544,0.0030871780952407,0.244328097726975
cvc_clinicdb,cvc_101.jpg,0.9543954028610132,0.971456042304566,0.9444963776572276,0.9584559256208074,0.0014436703258456,0.1387478849384306
cvc_clinicdb,cvc_102.jpg,0.9595947114790808,0.9811343719565596,0.9629673874077612,0.984061820816228,0.0012267782921511,0.3661016949090491
cvc_clinicdb,cvc_103.jpg,0.9649400357234168,0.9703603738686608,0.9424271844651044,0.9709388237612058,0.003810014807193,0.1606060606036271
cvc_clinicdb,cvc_104.jpg,0.9091858400919248,0.9506654658257612,0.9059698645807706,0.9353776630083924,0.0043761567111275,0.095341278438837
cvc_clinicdb,cvc_105.jpg,0.96389902584674,0.7883478042025959,0.6506386956066825,0.8889945329213216,0.0904222707554878,0.0815165876769524
cvc_clinicdb,cvc_106.jpg,6.926646810274348e-13,0.0,0.0,0.0,1.0,0.0
cvc_clinicdb,cvc_107.jpg,0.9567206685653026,0.8988458591797696,0.8162761468709865,0.8412358937022206,0.0303655351534663,0.0977517106539809
cvc_clinicdb,cvc_108.jpg,0.875836224843893,0.954874204116661,0.9136452357006484,0.9911379161794572,0.0045903930156775,0.0915178571418357
cvc_clinicdb,cvc_109.jpg,0.8599538442852364,0.9461113698353582,0.8977337289306876,0.9588193132208248,0.0096307923207604,0.138952164007529
cvc_clinicdb,cvc_11.jpg,0.5121052190669716,0.8481851099524435,0.7363901242129484,0.8215894465894465,0.0304463383938403,0.1790017211673149
cvc_clinicdb,cvc_110.jpg,0.908269544484898,0.967004785565231,0.9361173914966812,0.9495134363003304,0.0065436283626219,0.1548886737642315
cvc_clinicdb,cvc_111.jpg,0.8998592525681365,0.9624423963131424,0.9276038196753597,0.9830934429974868,0.0044284841467875,0.1575532900819504
cvc_clinicdb,cvc_112.jpg,0.901430842607334,0.9519233034176732,0.9082572931177648,0.927316475234939,0.0129148558370743,0.1658630665364912
cvc_clinicdb,cvc_113.jpg,0.9175081751434676,0.9424619640385103,0.8911849332980681,0.9138798199947056,0.0158032136660632,0.1853932584252304
cvc_clinicdb,cvc_114.jpg,0.9514983932441612,0.9404790135165324,0.8876454789611729,0.9099452726929608,0.0196100991689379,0.0722891566258839
cvc_clinicdb,cvc_115.jpg,6.729022273059196e-13,0.0,0.0,0.0,1.0,0.0
cvc_clinicdb,cvc_116.jpg,6.369021081455725e-13,0.0,0.0,0.0,1.0,0.0
cvc_clinicdb,cvc_117.jpg,7.33568075116833e-13,0.0,0.0,0.0,1.0,0.0
cvc_clinicdb,cvc_118.jpg,6.435006435002294e-13,0.0,0.0,0.0,1.0,0.0
cvc_clinicdb,cvc_119.jpg,7.779679477199486e-13,0.0,0.0,0.0,1.0,0.0
cvc_clinicdb,cvc_12.jpg,3.9137411451591284e-13,0.0,0.0,0.0,1.0,0.0
cvc_clinicdb,cvc_120.jpg,5.911563017258269e-13,0.0,0.0,0.0,1.0,0.0
cvc_clinicdb,cvc_121.jpg,5.850348095708274e-13,0.0,0.0,0.0,1.0,0.0
cvc_clinicdb,cvc_122.jpg,5.931549913989008e-13,0.0,0.0,0.0,1.0,0.0
cvc_clinicdb,cvc_123.jpg,6.507451031426756e-13,0.0,0.0,0.0,1.0,0.0
cvc_clinicdb,cvc_124.jpg,0.8512524343563725,0.6540933075593469,0.4859871128014237,0.4910804705149178,0.0730140651315595,0.0390243902434265
cvc_clinicdb,cvc_125.jpg,0.8897757122651597,0.8900921658981047,0.8019514220460847,0.8450419810819428,0.0174919713703328,0.0703363914362333
cvc_clinicdb,cvc_126.jpg,0.8826040006171221,0.9155497568491784,0.8442524335548023,0.8952455884005844,0.0111415031164558,0.0273972602735555
cvc_clinicdb,cvc_127.jpg,0.9255944308833508,0.9513701609387112,0.9072507051586076,0.9469850948509484,0.0049999103892253,0.0939334637946392
cvc_clinicdb,cvc_128.jpg,0.9579282992456972,0.9658736794094656,0.9339997060106806,0.9666666666666668,0.0037109775792159,0.0784313725476215
cvc_clinicdb,cvc_129.jpg,0.9698384421647708,0.9736922419575328,0.94873319852391,0.9634467881112176,0.0030475499696656,0.1770491803249664
cvc_clinicdb,cvc_13.jpg,0.8952800649426359,0.7058947479319887,0.5454693478787385,0.5942722768119594,0.0613924549573962,0.1346578366431053
cvc_clinicdb,cvc_130.jpg,0.9489989365145656,0.9770738929512418,0.9551754385956532,0.971431098531753,0.0022838624124014,0.1753889674656946
cvc_clinicdb,cvc_131.jpg,0.964825046040532,0.9763080407696596,0.9537127179387964,0.9889179205333812,0.0030263295581832,0.1732954545429929
cvc_clinicdb,cvc_132.jpg,0.9748780712248322,0.9753640443255102,0.9519127636736648,0.9849118342119616,0.0027209724307332,0.2276422764181373
cvc_clinicdb,cvc_133.jpg,0.9646596028171026,0.9762068319484316,0.9535195803331052,0.995886825377041,0.0033353701578652,0.1859706362123006
cvc_clinicdb,cvc_134.jpg,0.9699594418093284,0.960559364604602,0.9241118077312904,0.9866486850977748,0.0048446311373894,0.0782312925156763
cvc_clinicdb,cvc_135.jpg,0.9792951541850284,0.7310910974732083,0.5761572765526184,0.5761572765529803,0.0280146026904695,0.0158730158728359
cvc_clinicdb,cvc_136.jpg,0.963961366584992,0.9678440754288742,0.93769173086036,0.975809815098012,0.0072722861205853,0.2425629290590095
cvc_clinicdb,cvc_137.jpg,0.9679990038600556,0.9494983277588004,0.9038522763443936,0.9379405330956818,0.0110691827918244,0.0968944099366845
cvc_clinicdb,cvc_138.jpg,0.9688395996754208,0.9516632016629544,0.9077838373818008,0.9770847248625596,0.0118209516005283,0.1219008264450216
cvc_clinicdb,cvc_139.jpg,0.9708330352245425,0.978441595039928,0.9577931034478354,0.9789933540921132,0.0051956340106155,0.2049180327847856
cvc_clinicdb,cvc_14.jpg,0.2809923359125055,0.5757027782334774,0.4042012927045147,0.4042012927054478,0.0773208871558191,0.0359281437118577
cvc_clinicdb,cvc_140.jpg,0.9787371272547506,0.9877715375646948,0.9758385327243516,0.9903404057873202,0.0027338279568942,0.2377210216086668
cvc_clinicdb,cvc_141.jpg,0.969413850717774,0.979476339833462,0.9597781786593974,0.9900267987380847,0.0042332689808932,0.1466431095393406
cvc_clinicdb,cvc_142.jpg,0.9613577636833528,0.9795463979770974,0.9599127251207574,0.995932662975935,0.0045747242327945,0.1065719360558919
cvc_clinicdb,cvc_143.jpg,0.920657467532548,0.8939473408151747,0.8082321699529434,0.8102924420812762,0.0030193318817698,0.0859374999983215
cvc_clinicdb,cvc_144.jpg,0.9693370571806648,0.9779908728551274,0.956929685733124,0.972538742023701,0.0027158959848387,0.0924464487024527
cvc_clinicdb,cvc_145.jpg,0.9810898069447233,0.9834783761096914,0.9674938073091272,0.9714347920748966,9.279803739463965e-05,0.2760675273060966
cvc_clinicdb,cvc_146.jpg,0.9807552089087296,0.9810420257189932,0.9627894873792338,0.9856096169876716,0.0025405834218867,0.1162561576343226
cvc_clinicdb,cvc_147.jpg,0.9728809877258509,0.9789378937890264,0.9587447108596904,0.9756028167010456,0.0018604227681022,0.2030456852766111
cvc_clinicdb,cvc_148.jpg,0.959801681815992,0.9775936735073536,0.9561694290967254,0.9924967173138248,0.0031677408969124,0.2136752136721698
cvc_clinicdb,cvc_149.jpg,0.9669539470205852,0.9780128604018988,0.9569717881053816,0.980893682588598,0.0023711039751959,0.2265275707864899
cvc_clinicdb,cvc_15.jpg,2.760676917979527e-13,0.0,0.0,0.0,1.0,0.0
cvc_clinicdb,cvc_150.jpg,0.95551279148746,0.9757945002464592,0.95273311897004,0.9987931980252333,0.0034304277309974,0.185758513929013
cvc_clinicdb,cvc_151.jpg,0.9581041049513626,0.9716443529001224,0.9448524502591202,0.9993136582017844,0.0039174544801142,0.2105263157857802
cvc_clinicdb,cvc_152.jpg,0.9605193809592352,0.8305750626133599,0.7102423046232267,0.9410895572184356,0.0330176652992848,0.048951048950621
cvc_clinicdb,cvc_153.jpg,0.8957890259464797,0.950386309941287,0.9054629516961852,0.9731636638528413,0.0055212666566932,0.0825396825383723
cvc_clinicdb,cvc_154.jpg,1.666666666638889e-11,0.0,0.0,0.0,1.0,0.0
cvc_clinicdb,cvc_155.jpg,0.0172129214813621,0.024500126550228,0.0124019884179714,0.2911764705882353,0.2867770226386641,0.0079787234041492
cvc_clinicdb,cvc_156.jpg,0.9436934539649348,0.9012331450951928,0.8202223620708617,0.8438164045898853,0.0055003123335124,0.1589958158962553
cvc_clinicdb,cvc_157.jpg,0.9511302757089044,0.8628355208697748,0.7587605282304681,0.8625702015196565,0.0415267667016439,0.084544253631644
cvc_clinicdb,cvc_158.jpg,0.9532370251471876,0.927548713531136,0.8648865689603195,0.9335970024979184,0.0094987012232544,0.1596958174874582
cvc_clinicdb,cvc_159.jpg,0.949564298917482,0.8584422967570824,0.7519920318687651,0.8059548254620124,0.0091249724215858,0.0733333333308888
cvc_clinicdb,cvc_16.jpg,0.9544962769681444,0.4119614799793086,0.25941529426751,0.2594152942678412,0.0498648644117564,0.0438957475988491
cvc_clinicdb,cvc_160.jpg,0.9582295004153564,0.938481120067314,0.8840927258183349,0.9102697695959244,0.0096700929178236,0.1204437400931783
cvc_clinicdb,cvc_161.jpg,0.9411764705883237,0.9374459498401017,0.882257189362772,0.9822857142857144,0.0067910263548821,0.1662591687000914
cvc_clinicdb,cvc_162.jpg,0.9479682391406372,0.9390289103030588,0.8850655021818602,0.9281758084688226,0.0041371833300381,0.0779727095501369
cvc_clinicdb,cvc_163.jpg,0.2750020691369562,0.2815284866877413,0.1638249365828071,0.1712716109226046,0.2300748113059096,0.0450112528128656
cvc_clinicdb,cvc_164.jpg,0.9458637469587198,0.9390573401366872,0.8851160158435623,0.96751329001772,0.0050218286160646,0.1116751269007189
cvc_clinicdb,cvc_165.jpg,0.9142820725257064,0.5911267156077739,0.4195740824646128,0.6100873650980104,0.1294686593618804,0.0682046138408404
cvc_clinicdb,cvc_166.jpg,0.945235916873647,0.8858539030191167,0.7950967161484535,0.9840894965817276,0.0358977078149858,0.0898587933236218
cvc_clinicdb,cvc_167.jpg,0.9526788142508122,0.9571849076786764,0.9178855529871236,0.9473684210526316,0.0034585623580567,0.1822660098477274
cvc_clinicdb,cvc_168.jpg,2.0181634712370976e-12,0.0,0.0,0.0,1.0,0.0
cvc_clinicdb,cvc_169.jpg,0.9637792961575464,0.957371225576556,0.9182282793854084,0.9394287354672024,0.0040609474698596,0.2194244604277082
cvc_clinicdb,cvc_17.jpg,0.96728535184939,0.5166544027468645,0.3483034592232632,0.3531364088947892,0.0604275277242672,0.1083650190103767
cvc_clinicdb,cvc_170.jpg,0.9481300315907998,0.974278421361698,0.949846860641367,0.9844145723748297,0.0020480074473875,0.2874999999940104
cvc_clinicdb,cvc_171.jpg,0.955440986926942,0.968783638319906,0.9394572025035848,0.9637132288180376,0.0026554661024144,0.2322834645623566
cvc_clinicdb,cvc_172.jpg,0.9398076326404904,0.951170361182838,0.906887378064124,0.925096985974336,0.0043185304337121,0.2060301507485922
cvc_clinicdb,cvc_173.jpg,0.9378944161553128,0.9334271173813838,0.8751648692676893,0.9924979389942292,0.0034339567379421,0.1318124207841342
cvc_clinicdb,cvc_174.jpg,0.9178979314751546,0.8077223943174668,0.6774616838123675,0.7234145815358067,0.0388610890885864,0.125623130606923
cvc_clinicdb,cvc_175.jpg,0.8654867905170696,0.8508898856891727,0.7404772398156894,0.7795802755246556,0.0283438686029569,0.0926485397775161
cvc_clinicdb,cvc_176.jpg,0.9465439156581978,0.8258718928054518,0.7033916382248808,0.7898688781799843,0.029456685693927,0.1141732283453329
cvc_clinicdb,cvc_177.jpg,0.8935352870157538,0.967781340662204,0.9375739644961169,0.960582776170043,0.00325567936018,0.11283497884185
cvc_clinicdb,cvc_178.jpg,0.8061127029626924,0.0,0.0,0.1969552806850618,0.3046323977617707,0.0
cvc_clinicdb,cvc_179.jpg,0.9035671100364214,0.945986191957566,0.8975083483151876,0.955267337215458,0.0057788484560192,0.18999999999525
cvc_clinicdb,cvc_18.jpg,0.9637489713716644,0.834416082663648,0.7158781708060072,0.7210141737829034,0.0109155976489999,0.1207075962526461
cvc_clinicdb,cvc_180.jpg,0.9069269858252114,0.9637547610259692,0.9300450557246146,0.9953419955871536,0.0031301447799587,0.2300469483514073
cvc_clinicdb,cvc_181.jpg,0.913918629550444,0.9631501928948208,0.9289196818041342,0.9933704587642536,0.0030292380557912,0.2524752475185031
cvc_clinicdb,cvc_182.jpg,0.9451718494272432,0.9616004296442514,0.9260408585442824,0.9451553930530164,0.0021087848277651,0.1925925925878372
cvc_clinicdb,cvc_183.jpg,0.9161036036037216,0.9645596403055215,0.9315453384395108,0.9605911330049262,0.002763388443749,0.3080684596501695
cvc_clinicdb,cvc_184.jpg,0.9184298847221386,0.9780113400622624,0.9569688768580326,0.9816388051520964,0.000241787768741,0.3727959697639094
cvc_clinicdb,cvc_185.jpg,0.923105953391902,0.958408354338352,0.920138288676024,0.9382306752748212,0.0031571274086788,0.1857707509844709
cvc_clinicdb,cvc_186.jpg,0.9447959598305308,0.9532668881500812,0.9107067287336956,0.9896441555580038,0.0051866969104712,0.1355932203368937
cvc_clinicdb,cvc_187.jpg,0.9375090200606374,0.916495484038959,0.8458621727349709,0.9000681494331206,0.0125096590167577,0.1050175029159274
cvc_clinicdb,cvc_188.jpg,0.9524808332128046,0.9630937665544894,0.928814713895825,0.9622314622314624,0.0024615834643125,0.0774193548377107
cvc_clinicdb,cvc_189.jpg,0.936073059360789,0.9198319941554786,0.8515638207931504,0.8863244919049259,0.0053755210816813,0.0715705765393325
cvc_clinicdb,cvc_19.jpg,0.5570467217844426,0.8868274582554203,0.7966666666656831,0.8444866920152091,0.008726865414379,0.1565217391287334
cvc_clinicdb,cvc_190.jpg,0.9267022879847558,0.9590752059514228,0.9213683941768666,0.9482267667615842,0.0012152217920783,0.1990049751194277
cvc_clinicdb,cvc_191.jpg,0.8942101501075975,0.8794957359997053,0.7849106551900403,0.7896483078964831,0.0046347345578465,0.1240310077471305
cvc_clinicdb,cvc_192.jpg,0.9209666884391868,0.8096809680938406,0.6802218114560676,0.6802218114602587,0.0020924699399874,0.0
cvc_clinicdb,cvc_193.jpg,0.9186976018718684,0.962601626014521,0.9278996865171444,0.9931580842635938,0.0016985210704998,0.2183908045914255
cvc_clinicdb,cvc_194.jpg,0.9598952035469972,0.9396411092975736,0.886153846152142,0.911145752143414,0.0045636604627049,0.1220043572958168
cvc_clinicdb,cvc_195.jpg,0.9478165938865198,0.9536937324995114,0.9114862083143032,0.9487932843651626,0.0017598661681897,0.1491228070142736
cvc_clinicdb,cvc_196.jpg,0.9269585497721542,0.9338174273849232,0.8758513329424482,0.9195539625647152,0.005999006213444,0.0991379310323461
cvc_clinicdb,cvc_197.jpg,0.9293709757306295,0.951034151033236,0.9066397652221082,0.946993819067241,0.0049305691700874,0.0916666666647569
cvc_clinicdb,cvc_198.jpg,0.9580268282129404,0.9229654172697008,0.8569505864240398,0.9823481116584564,0.0087612053128671,0.1290322580617412
cvc_clinicdb,cvc_199.jpg,0.944702954225793,0.9521426337181188,0.9086567164161022,0.9767106347897774,0.0031693184571947,0.1082251082227657
cvc_clinicdb,cvc_2.jpg,0.699262513729892,0.8390898990382885,0.722786284952794,0.8248413258110014,0.0201092616649582,0.1128472222212426
cvc_clinicdb,cvc_20.jpg,0.4103179364129701,0.8332986905000692,0.7142348120421981,0.8447085889570553,0.0057810650554309,0.0929032258052528
cvc_clinicdb,cvc_201.jpg,1.697504668134956e-12,0.0,0.0,0.0,1.0,0.0
cvc_clinicdb,cvc_205.jpg,3.3036009249973455e-12,0.0,0.0,0.0,1.0,0.0
cvc_clinicdb,cvc_206.jpg,0.763674158763308,0.8845846006075839,0.7930539609632706,0.8628298792306546,0.0076124389980139,0.0607999999990272
cvc_clinicdb,cvc_207.jpg,0.7029621503019042,0.8704760123437103,0.7706573936069372,0.8281757565395794,0.0132830127767617,0.0490367775823286
cvc_clinicdb,cvc_208.jpg,0.7416421877189234,0.8189723320141917,0.6934404283778667,0.7071524966261808,0.0120344268169217,0.0330969267131655
cvc_clinicdb,cvc_209.jpg,3.5335689045811537e-12,0.0,0.0,0.0,1.0,0.0
cvc_clinicdb,cvc_21.jpg,0.7283193748831588,0.8365588788446168,0.7190384314539714,0.8071483389979169,0.0213294476899016,0.1452513966468854
cvc_clinicdb,cvc_210.jpg,0.6898540515553108,0.8653145208698222,0.762602973938779,0.960693908132096,0.0121062986359129,0.0719874804376213
cvc_clinicdb,cvc_211.jpg,0.7423778458261904,0.9125274423707078,0.8391268689667282,0.8452968730219015,0.001817864697966,0.0324214792296613
cvc_clinicdb,cvc_212.jpg,0.7831084801762861,0.9340924775703356,0.876335383618585,0.9336113427856548,0.0103282981143446,0.049411764705301
cvc_clinicdb,cvc_213.jpg,0.8639768871569644,0.9724797974151966,0.9464337489120422,0.9789962414326774,0.004200582098496,0.2181818181793388
cvc_clinicdb,cvc_214.jpg,0.8899979834644636,0.9335465725467746,0.8753749095036969,0.968197112775426,0.0077540257513658,0.0859916782234952
cvc_clinicdb,cvc_215.jpg,0.9761642127476016,0.9219886223097096,0.8552679882517847,0.9097779877184696,0.0157928280807685,0.1481481481463191
cvc_clinicdb,cvc_216.jpg,0.9036695358511166,0.9576231563731212,0.9186918936544456,0.9610736017337668,0.0032682394978227,0.081321473950682
cvc_clinicdb,cvc_217.jpg,0.9644991212653936,0.9726021486814632,0.9466655467823394,0.983652858610065,0.0036493890361185,0.1859229747651271
cvc_clinicdb,cvc_218.jpg,0.9689686301060884,0.9616212932790535,0.9260795575399636,0.99878587196468,0.0051643974969343,0.1057401812672848
cvc_clinicdb,cvc_219.jpg,0.9211425248928548,0.9621751179679708,0.9271073902988928,0.9947706559091588,0.0038857611970625,0.1182608695631606
cvc_clinicdb,cvc_22.jpg,0.1763663668732301,0.6689457894364969,0.5025684033960556,0.6470926223856585,0.0849762623190327,0.0742705570281927
cvc_clinicdb,cvc_220.jpg,0.958528037383218,0.9506759906751042,0.9059889816937872,0.9864789775884424,0.0048556229195451,0.0737864077655575
cvc_clinicdb,cvc_221.jpg,0.9001759530792959,0.951194883876415,0.9069319640545423,0.9872909698996656,0.0056703321444616,0.196162046904133
cvc_clinicdb,cvc_222.jpg,0.9196321471412506,0.9301134284657516,0.8693570451416568,0.9704397981254506,0.00689860919442,0.0971302428234629
cvc_clinicdb,cvc_223.jpg,0.9341569563387138,0.9438995684569844,0.8937592867734182,0.9678332475553268,0.0044009423570253,0.1055045871535434
cvc_clinicdb,cvc_224.jpg,0.939148786493248,0.9125248508931204,0.8391224862862916,0.9848733969089116,0.0062118903393044,0.0703517587922022
cvc_clinicdb,cvc_225.jpg,0.9396600566573092,0.91857105332162,0.8494049064832417,0.9246713852376136,0.0070858550737018,0.095444685464307
cvc_clinicdb,cvc_226.jpg,0.9455467971369524,0.9615948908250956,0.9260305851048436,0.9994823123382226,0.004181937309799,0.2003577817495463
cvc_clinicdb,cvc_227.jpg,0.9304087107465198,0.8689470154247231,0.7682637571139272,0.8160779537149817,0.0103290660825555,0.103225806449393
cvc_clinicdb,cvc_228.jpg,0.8849108106393164,0.9435139350369948,0.8930680359423709,0.9786663088689118,0.0078797421834369,0.0970873786392057
cvc_clinicdb,cvc_229.jpg,0.8946322067595109,0.9207957678258544,0.8532173432741602,0.8868269365949669,0.0105445794414243,0.0688468158335826
cvc_clinicdb,cvc_23.jpg,0.9723547287963952,0.8293768545992308,0.7084917617234443,0.7251718590024865,0.0406906398712259,0.0794701986749704
cvc_clinicdb,cvc_230.jpg,0.8037861813526445,0.7925123916592938,0.6563316974725237,0.6811600949676458,0.0474017881180748,0.0844793713154766
cvc_clinicdb,cvc_231.jpg,5.205080158231727e-13,0.0,0.0,0.0,1.0,0.0
cvc_clinicdb,cvc_232.jpg,0.8811672683514197,0.9388505747123354,0.8847487001727625,0.9894159153273226,0.0140480505433536,0.1523178807930207
cvc_clinicdb,cvc_233.jpg,0.9103492026875314,0.9428051675759432,0.8917988800741414,0.9880470761309303,0.0151666248054463,0.1160337552730376
cvc_clinicdb,cvc_234.jpg,0.9215080743743416,0.9501624386531587,0.9050566236496542,0.9403165236051502,0.0095014489149223,0.1404303510742873
cvc_clinicdb,cvc_235.jpg,0.9092080306338228,0.9399308556608542,0.8866693844266295,0.9610169491525424,0.0049955781791178,0.1272321428557228
cvc_clinicdb,cvc_236.jpg,0.930359134508173,0.9457572502681052,0.8970962812014798,0.9370611183355008,0.0031600479639292,0.2102496714821255
cvc_clinicdb,cvc_237.jpg,0.9237484471007208,0.93977161500785,0.8863860167399763,0.9265824376139292,0.0084447686711857,0.1130604288488005
cvc_clinicdb,cvc_238.jpg,0.937261486795933,0.954811949108222,0.9135312523842528,0.9303256601739934,0.0054028971069267,0.1474654377863195
cvc_clinicdb,cvc_239.jpg,0.9301110894562736,0.9501272264627012,0.9049927290346542,0.9201954397394136,0.0019874667458364,0.0437956204374234
cvc_clinicdb,cvc_24.jpg,0.9248536109304012,0.9595721715236584,0.9222861454301036,0.989069971699034,0.0079082676892569,0.1449275362308839
cvc_clinicdb,cvc_240.jpg,0.9073253283907216,0.9024433903155364,0.8222294707650475,0.8472348516161031,0.0152276094319815,0.0941704035863882
cvc_clinicdb,cvc_241.jpg,0.9100809080103108,0.9417690737761336,0.8899466557235207,0.9024370095002066,0.0067335086231008,0.0996264009950233
cvc_clinicdb,cvc_242.jpg,0.8948705342511083,0.8335762668263595,0.7146427521312007,0.920309541450564,0.0313697637520436,0.0314960629917717
cvc_clinicdb,cvc_243.jpg,9.867771857104926e-13,0.0,0.0,0.0,1.0,0.0
cvc_clinicdb,cvc_244.jpg,0.6036847029975789,0.4885865563306958,0.3232646622121737,0.3234488839389299,0.1158237660021526,0.0604703247473631
cvc_clinicdb,cvc_245.jpg,0.8713607016689784,0.8601555291941082,0.7546253469001449,0.7635983263598326,0.0180780519393815,0.1459119496836992
cvc_clinicdb,cvc_246.jpg,8.1300813008064e-13,0.0,0.0,0.0,1.0,0.0
cvc_clinicdb,cvc_247.jpg,0.8642693080678064,0.8940812644957933,0.8084511418356312,0.82218048055099,0.0143172827766391,0.0351699882762582
cvc_clinicdb,cvc_248.jpg,0.8772321428571918,0.931168596236916,0.871202504865134,0.8950977031196434,0.0033205300633649,0.0977443609010307
cvc_clinicdb,cvc_249.jpg,0.8864298686489478,0.9248291571750225,0.8601694915247728,0.8799418826948077,0.0099599841388816,0.0790960451968463
cvc_clinicdb,cvc_25.jpg,0.1353267457666063,0.824100156493233,0.7008251264287974,0.7521250342747464,0.0203319317416245,0.0753138075298051
cvc_clinicdb,cvc_250.jpg,0.8720352222696246,0.9348093480930386,0.8775981524241626,0.9460504511139752,0.0034684652018171,0.0869565217380802
cvc_clinicdb,cvc_251.jpg,0.8880552578302441,0.8106946123869335,0.6816538635328946,0.7041785918717802,0.0302048428526583,0.0783744557318087
cvc_clinicdb,cvc_252.jpg,0.902648008611452,0.9507496513245508,0.9061227880693644,0.9368563228093872,0.0030156439260249,0.1084337349384526
cvc_clinicdb,cvc_253.jpg,0.8156986020814423,0.8757046311000418,0.7788919667585712,0.8599895730753635,0.0096904546015263,0.1323626737251332
cvc_clinicdb,cvc_254.jpg,4.2640286542707383e-13,0.0,0.0,0.0,1.0,0.0
cvc_clinicdb,cvc_255.jpg,0.8314415281022863,0.6688714344767801,0.5024844720493773,0.5878954969147958,0.0844985512101412,0.1705716963432936
cvc_clinicdb,cvc_256.jpg,0.7946262303804751,0.7884148456466221,0.6507300314911819,0.916633426406063,0.0573713185986655,0.0779411764700151
cvc_clinicdb,cvc_257.jpg,0.7794686613361284,0.8411134287561819,0.7257944389272071,0.7796219652685924,0.0539396444814809,0.0804020100495778
cvc_clinicdb,cvc_258.jpg,0.8073676132003548,0.838347017340361,0.7216845562785373,0.7596666866494814,0.0194374194156661,0.1006825938557962
cvc_clinicdb,cvc_259.jpg,0.7461046795185087,0.924876761785418,0.8602518566348981,0.9638669211889828,0.0093907981634783,0.1262357414439069
cvc_clinicdb,cvc_26.jpg,6.858710562367225e-12,0.0,0.0,0.0,1.0,0.0
cvc_clinicdb,cvc_260.jpg,0.4915694309758527,0.947879572676628,0.9009230769219682,0.9323157763042662,0.0031974394228628,0.1626016260136162
cvc_clinicdb,cvc_261.jpg,0.7974122305569289,0.8920102703515738,0.8050708833146094,0.8385282887886151,0.0137983899124482,0.0966350301976131
cvc_clinicdb,cvc_262.jpg,0.8926545660805826,0.8352507440141983,0.7171077720992166,0.7243412990196079,0.0457939363544634,0.0908004778961672
cvc_clinicdb,cvc_263.jpg,8.840951286350596e-13,0.0,0.0,0.0,1.0,0.0
cvc_clinicdb,cvc_264.jpg,0.83375646024122,0.8313060879894839,0.7113120719174275,0.7167319770250684,0.0613363394348732,0.1307189542471455
cvc_clinicdb,cvc_265.jpg,0.8488418441915389,0.8818530701751969,0.7886736945325871,0.8645540506005622,0.0238035965712145,0.1047835990880426
cvc_clinicdb,cvc_266.jpg,0.6710571923744316,0.7835768963115127,0.6441647597250654,0.7612256267409471,0.0348978091570349,0.1098901098891809
cvc_clinicdb,cvc_267.jpg,0.3378089826646384,0.5780502141232865,0.4065194283684817,0.4085156712004731,0.0466047219730301,0.0113207547167675
cvc_clinicdb,cvc_268.jpg,4.038772213245542e-13,0.0,0.0,0.0,1.0,0.0
cvc_clinicdb,cvc_269.jpg,5.529138560209261e-13,0.0,0.0,0.0,1.0,0.0
cvc_clinicdb,cvc_27.jpg,0.7378398603149467,0.7377173091440219,0.5844311377222179,0.5844311377245509,0.0205260846828399,0.0584415584396609
cvc_clinicdb,cvc_270.jpg,0.7231758106840023,0.7163211643121395,0.5580221036582708,0.6165480427046264,0.092808878199027,0.0851405622483121
cvc_clinicdb,cvc_271.jpg,0.9069274355693828,0.7565015290518028,0.6083654678521254,0.6163153940448416,0.0733144391950545,0.1372262773712611
cvc_clinicdb,cvc_272.jpg,2.8400215841632335e-13,0.0,0.0,0.0,1.0,0.0
cvc_clinicdb,cvc_273.jpg,0.8912681249335465,0.9431146682622218,0.8923528787285847,0.9074047653017548,0.0014446707909655,0.1499999999989285
cvc_clinicdb,cvc_274.jpg,3.076071241809014e-13,0.0,0.0,0.0,1.0,0.0
cvc_clinicdb,cvc_275.jpg,0.4713043987241443,0.9446902654861452,0.8951781970639469,0.988512770377612,0.0063591637438201,0.1618122977320095
cvc_clinicdb,cvc_276.jpg,0.8781635667259423,0.9099182708137264,0.8347248159942685,0.8678633338925237,0.0185833476019113,0.161129568104974
cvc_clinicdb,cvc_277.jpg,0.819921947593451,0.7431413444565254,0.5912688281843321,0.5994354631768026,0.0803932158131288,0.097680097678905
cvc_clinicdb,cvc_278.jpg,0.9327135900842568,0.8328075709758971,0.7135135135105467,0.9411210551106924,0.0092238267162042,0.0370370370358939
cvc_clinicdb,cvc_279.jpg,3.649635036483031e-12,0.0,0.0,0.0,1.0,0.0
cvc_clinicdb,cvc_28.jpg,0.8917166279213364,0.9365343475149316,0.8806437192649069,0.8835907768077009,0.0029509131976295,0.1136363636337809
cvc_clinicdb,cvc_280.jpg,0.9355029585799772,0.89447701326613,0.8090985207903737,0.8326265196494204,0.0026500640799419,0.0858585858564177
cvc_clinicdb,cvc_281.jpg,0.9298741330594272,0.9210559555375508,0.8536642472468892,0.91231884057971,0.0041159182700059,0.1310043668093667
cvc_clinicdb,cvc_282.jpg,0.9150678783799896,0.5824385939100126,0.4108736252325983,0.4108736252334509,0.0186074456237089,0.0
cvc_clinicdb,cvc_283.jpg,0.937828064854849,0.8813432835809933,0.7878585723798358,0.7906458797327395,0.0064742465521547,0.0594965675043593
cvc_clinicdb,cvc_284.jpg,3.237293622521084e-12,0.0,0.0,0.0,1.0,0.0
cvc_clinicdb,cvc_285.jpg,2.947244326545985e-12,0.0,0.0,0.0,1.0,0.0
cvc_clinicdb,cvc_286.jpg,0.898601873218544,0.8609271523167406,0.7558139534866144,0.90897597977244,0.0117255578327643,0.1048034934474933
cvc_clinicdb,cvc_287.jpg,2.8514399771803497e-12,0.0,0.0,0.0,1.0,0.0
cvc_clinicdb,cvc_288.jpg,0.9205776173286224,0.9016036966554748,0.8208364266250413,0.8221892025755324,0.0029313085859821,0.1407766990257093
cvc_clinicdb,cvc_289.jpg,3.083564600668876e-12,0.0,0.0,0.0,1.0,0.0
cvc_clinicdb,cvc_29.jpg,0.9118257261411704,0.9125207296839628,0.8391155165824645,0.8564556474889359,0.0095333018562133,0.1033057851218325
cvc_clinicdb,cvc_290.jpg,0.932490518331397,0.8416923507961847,0.7266569908044187,0.7308438409311349,0.0083753991321545,0.1056338028131819
cvc_clinicdb,cvc_291.jpg,0.9385297845375838,0.901194353959822,0.8201581027613956,0.842,0.003202743584367,0.237547892711205
cvc_clinicdb,cvc_292.jpg,0.8315526255971094,0.8732795443738176,0.7750631844954715,0.8720568636161706,0.0053830767119217,0.1142857142824489
cvc_clinicdb,cvc_293.jpg,0.9602897773008314,0.9414046266782916,0.8892959958102872,0.8937565582371458,0.0022396480604206,0.2110311750548913
cvc_clinicdb,cvc_294.jpg,0.9615631829284464,0.9385416666654446,0.8842001962686845,0.9374369323915236,0.0038558196414748,0.1702127659534228
cvc_clinicdb,cvc_295.jpg,0.9168521670814236,0.871594243396854,0.7724120851887756,0.7785785288270378,0.0103158954945031,0.1621621621581778
cvc_clinicdb,cvc_296.jpg,0.921721099015169,0.8955808980739566,0.8109067441083869,0.8333877817706632,0.0063370733157043,0.1463414634106682
cvc_clinicdb,cvc_297.jpg,3.532320734710236e-12,0.0,0.0,0.0,1.0,0.0
cvc_clinicdb,cvc_298.jpg,0.9706076376163816,0.8676567656758517,0.7662489070230746,0.7776474039307715,0.0174953746933757,0.12676056337805
cvc_clinicdb,cvc_299.jpg,0.9639059457840888,0.8882343315318472,0.7989402413871094,0.8176680547293278,0.0006833555254098,0.0985915492934602
cvc_clinicdb,cvc_3.jpg,0.7135868707591246,0.8420257705192609,0.7271541534191512,0.8080730500085339,0.0207194179669459,0.2105263157876269
cvc_clinicdb,cvc_30.jpg,0.9452257586972902,0.8874500309662251,0.7976720647765205,0.8002229880397325,0.0081557289596025,0.1139430284840488
cvc_clinicdb,cvc_300.jpg,0.930885795244591,0.809483793516921,0.6799435313091863,0.89792663476874,0.0864590394379799,0.0196560196557781
cvc_clinicdb,cvc_301.jpg,0.9166165736368256,0.1438189639048589,0.0774811083122645,0.883409651285664,0.3534149072066618,0.0
cvc_clinicdb,cvc_302.jpg,0.962735042735064,0.5787143417583485,0.4071766561510984,0.9346199718096064,0.0824033988029718,0.0235798499461567
cvc_clinicdb,cvc_303.jpg,0.9427683672446914,0.7770415390939189,0.6353785217841451,0.7694671302660305,0.0505700725526845,0.1295336787547988
cvc_clinicdb,cvc_304.jpg,0.9345260548580404,0.9232966379048358,0.8575218304400822,0.8984410302756439,0.0086016742048913,0.1438848920842606
cvc_clinicdb,cvc_305.jpg,0.9366988618003173,0.9241395736568916,0.8589771972541812,0.8606248615111899,0.0133286426931377,0.0761421319787291
cvc_clinicdb,cvc_306.jpg,0.9269595461885788,0.531247915693902,0.361700195268071,0.6019873918153649,0.1559542146539972,0.030534351144805
cvc_clinicdb,cvc_307.jpg,0.8689446155350887,0.926809336533568,0.8636017513793416,0.9206395919168138,0.0125937805497721,0.1987951807198976
cvc_clinicdb,cvc_308.jpg,0.9530700847633023,0.9312399724956332,0.8713274715841938,0.936242603550296,0.0140319408815927,0.1118170266821878
cvc_clinicdb,cvc_309.jpg,0.8986492374728552,0.9524519549362552,0.9092203068149468,0.9250518258650932,0.0021144112318079,0.1034482758600872
cvc_clinicdb,cvc_31.jpg,0.9500086891038928,0.9532622701177502,0.9106982990142,0.9216657287563308,0.0043352160940549,0.1761978361642009
cvc_clinicdb,cvc_310.jpg,0.9651760228354612,0.6590998043044238,0.4915353181543266,0.540084388185654,0.1357579985391312,0.127102803735942
cvc_clinicdb,cvc_311.jpg,0.9328408327737864,0.8957998212673891,0.8112657818037836,0.813614262560778,0.0014586006220782,0.0791556728211304
cvc_clinicdb,cvc_312.jpg,0.9181784524253308,0.0,0.0,0.0,1.0,0.0
cvc_clinicdb,cvc_313.jpg,1.5026296018008976e-12,0.0,0.0,0.0,1.0,0.0
cvc_clinicdb,cvc_314.jpg,0.9320554300714656,0.9056974459718596,0.8276481149001954,0.8537981269510926,0.0076590588924204,0.058641975307737
cvc_clinicdb,cvc_315.jpg,0.9852214326112118,0.5181245930104486,0.3496411308039892,0.3496411308041599,0.0752101350027088,0.0
cvc_clinicdb,cvc_316.jpg,0.9558904758147312,0.9527417369067536,0.9097485982995992,0.9874517677322208,0.0107246257614279,0.0722379603394317
cvc_clinicdb,cvc_317.jpg,0.946793303897606,0.959131628849487,0.9214725468017833,0.9817286510301932,0.0075768564501789,0.066059225511776
cvc_clinicdb,cvc_318.jpg,4.149377593343779e-12,0.0,0.0,0.0,1.0,0.0
cvc_clinicdb,cvc_319.jpg,0.9540771782784108,0.9671824519623072,0.9364504445145326,0.9928837682141648,0.0021052863102111,0.2857142857064364
cvc_clinicdb,cvc_32.jpg,0.9485748755844022,0.951999999999518,0.9083969465640076,0.915244375484872,0.0051184084422002,0.1633802816878397
cvc_clinicdb,cvc_320.jpg,0.96072915494547,0.9563880039536896,0.9164210526296496,0.98279241995208,0.0026152794595907,0.1652173913007561
cvc_clinicdb,cvc_321.jpg,0.9407780752874936,0.9699270959895429,0.941610144498759,0.963614673426782,0.0014067300885663,0.2472324723201617
cvc_clinicdb,cvc_322.jpg,0.9682578143930408,0.9804156435281904,0.9615836466154116,0.9787864422849016,0.000514944765815,0.3224755700273212
cvc_clinicdb,cvc_323.jpg,0.9477524810274628,0.9665509928663164,0.935267232533406,0.9467066991930944,0.0023811995284304,0.1483679525200539
cvc_clinicdb,cvc_324.jpg,0.9555073655874108,0.975725707699362,0.9526019690563254,0.9972665803481512,0.0025267458562608,0.1923774954593035
cvc_clinicdb,cvc_325.jpg,0.9245302183850436,0.9711965977179864,0.9440060127753775,0.9646790733004178,0.0017229275794237,0.2685950413167645
cvc_clinicdb,cvc_326.jpg,0.9312602291326498,0.9592298980736588,0.9216539717063728,0.9665924276169264,0.0017662082692389,0.1348314606711274
cvc_clinicdb,cvc_327.jpg,0.9404456448346517,0.9550254204133032,0.9139221556863424,0.9578866768759572,0.0039387285960857,0.1271393643000699
cvc_clinicdb,cvc_328.jpg,0.8945386064031235,0.9569032761301122,0.9173677322846936,0.9895247332686712,0.0022069149854984,0.1716738197388052
cvc_clinicdb,cvc_329.jpg,0.9093241243217473,0.9208027410661568,0.8532293178504115,0.8654127100073046,0.0064772008265215,0.1428571428542274
cvc_clinicdb,cvc_33.jpg,0.9327572465288256,0.94206447986472,0.8904743833010318,0.9750218063595274,0.013569365398198,0.1051282051268573
cvc_clinicdb,cvc_330.jpg,0.94414414414419,0.9556642216781128,0.9150928671750974,0.926821608040201,0.0032587485666348,0.1650671784997108
cvc_clinicdb,cvc_331.jpg,0.960388545477507,0.8603620849965211,0.7549433672482674,0.7871945259042034,0.047585489431549,0.1195928753165446
cvc_clinicdb,cvc_332.jpg,0.970882150241238,0.9705678670351708,0.9428187016465812,0.954653130287648,0.0021916854408934,0.2044088176311741
cvc_clinicdb,cvc_333.jpg,0.9523006278699724,0.954136690646624,0.9122957867568148,0.9889107494187086,0.0061927742556064,0.1557377049148414
cvc_clinicdb,cvc_334.jpg,0.9526398877390349,0.9694974003457802,0.9408005381753436,0.9676044330775788,0.0003627249498752,0.2016129032217416
cvc_clinicdb,cvc_335.jpg,0.95619173335537,0.9766283832616042,0.9543242819008724,0.995992305226034,0.0005664405295824,0.2432432432385474
cvc_clinicdb,cvc_336.jpg,0.9500715819613904,0.9701806700570336,0.9420882302828444,0.9638305201515672,0.0013399183303258,0.2329317269029531
cvc_clinicdb,cvc_337.jpg,0.9416945282557762,0.9752302318188508,0.9516578865804902,0.9595519601742376,0.001770401486593,0.2676864244690691
cvc_clinicdb,cvc_338.jpg,0.9582296614642396,0.8724715918554858,0.7737912282771168,0.8199405664382315,0.0251216783603129,0.0588235294111468
cvc_clinicdb,cvc_339.jpg,0.9400062169724276,0.9536328181410464,0.9113749309748445,0.95069033530572,0.0023603820756246,0.1367088607560327
cvc_clinicdb,cvc_34.jpg,0.9300157751327048,0.9314053707522392,0.8716171177164757,0.9017881332972094,0.0083831292072047,0.1450252951071665
cvc_clinicdb,cvc_340.jpg,0.9271286116084706,0.9464469618925168,0.8983382209144755,0.910477127397934,0.0011670259871171,0.2708333333239294
cvc_clinicdb,cvc_341.jpg,0.9482861105608316,0.9719839908500628,0.945494994434759,0.985995457986374,0.0014011034170173,0.4235294117522491
cvc_clinicdb,cvc_342.jpg,0.9624205748865584,0.9789629629623828,0.958792803249032,0.9810988494951868,0.0006991545439982,0.3260504201625874
cvc_clinicdb,cvc_343.jpg,0.9561027130503952,0.9377454451806232,0.8827878787868086,0.9860631632783532,0.0109031582272842,0.1426611796962598
cvc_clinicdb,cvc_344.jpg,0.9639861151287372,0.9743199681259826,0.9499258422198248,0.9702419182187968,0.0030988894557747,0.241758241755585
cvc_clinicdb,cvc_345.jpg,0.9738750682367724,0.9715074586796903,0.9445935868747616,0.9877277231496304,0.0057975446922847,0.2283737024195112
cvc_clinicdb,cvc_346.jpg,0.9573435504470532,0.6885844748850586,0.5250696378820943,0.8341708542713567,0.0357747969507999,0.0346020761239688
cvc_clinicdb,cvc_347.jpg,0.9279731993300542,0.9010511054721808,0.8199208443258247,0.8698746187732972,0.016046748383862,0.3443478260809678
cvc_clinicdb,cvc_348.jpg,0.9743111303970547,0.9687935419659476,0.9394758289362418,0.957105137860884,0.0006541824205858,0.1492537313419732
cvc_clinicdb,cvc_349.jpg,0.9608815426997328,0.8550407540090753,0.7467870642584011,0.7785332478084243,0.0441904560078192,0.0592592592587105
cvc_clinicdb,cvc_35.jpg,0.9316521176851396,0.9473617048421188,0.8999878773173717,0.912274280136652,0.0057484438780521,0.1059602648989079
cvc_clinicdb,cvc_350.jpg,0.9232267975570748,0.9462112607492512,0.8979136192155686,0.9375933349052896,0.0142290064676156,0.2572815533949359
cvc_clinicdb,cvc_351.jpg,0.920034183860432,0.8134263295541798,0.6855253490064034,0.719210592055958,0.0251761471112032,0.1960784313682771
cvc_clinicdb,cvc_352.jpg,0.9192641798672468,0.9175447839819316,0.8476514967124662,0.9382180239979576,0.0062634837494928,0.1510934393608132
cvc_clinicdb,cvc_353.jpg,0.9348875101836592,0.9571302483917808,0.9177850320385468,0.9750965010583988,0.0036226451214256,0.1772939346784246
cvc_clinicdb,cvc_354.jpg,0.9376944977819388,0.9701237437608736,0.941980881570709,0.9776906435911304,0.0007839604657096,0.2320261437870583
cvc_clinicdb,cvc_355.jpg,1.016983626562578e-12,0.0,0.0,0.0,1.0,0.0
cvc_clinicdb,cvc_356.jpg,1.0253255408581714e-12,0.0,0.0,0.0,1.0,0.0
cvc_clinicdb,cvc_357.jpg,0.7834020676798533,0.7754157138418523,0.6332073035777235,0.6478715980460572,0.0622096703161118,0.0809061488666593
cvc_clinicdb,cvc_358.jpg,0.8465773995746173,0.9183391003453852,0.8490083173373654,0.9922790569419552,0.0069933737210691,0.1759530791763056
cvc_clinicdb,cvc_359.jpg,0.8508926819698593,0.9189400715558368,0.8500361981581859,0.973957183844626,0.0073679213933164,0.1312741312724417
cvc_clinicdb,cvc_36.jpg,0.919588592800468,0.9413520027534242,0.8892020815245247,0.9065645514223196,0.0043361625665549,0.1943844492398621
cvc_clinicdb,cvc_360.jpg,0.9463384328648186,0.9330936175673415,0.8745787193059905,0.8969549330085261,0.0149497436815929,0.2089171974495679
cvc_clinicdb,cvc_361.jpg,0.5843208503946676,0.5771749554731944,0.405654200207832,0.4112529002320185,0.125953636649041,0.0988372093013678
cvc_clinicdb,cvc_362.jpg,1.105827712041241e-12,0.0,0.0,0.0,1.0,0.0
cvc_clinicdb,cvc_363.jpg,6.872852233629741e-12,0.0,0.0,0.0,1.0,0.0
cvc_clinicdb,cvc_364.jpg,0.9006342494716497,0.9176336313469324,0.8478031634416597,0.8615439093484419,0.0053502360365222,0.1341107871681017
cvc_clinicdb,cvc_365.jpg,0.8726072607263529,0.9294605809109348,0.8682170542602008,0.8791423001949318,0.0050457310118171,0.2551928783307064
cvc_clinicdb,cvc_366.jpg,0.8895481515292343,0.8964896489628792,0.8123980424110424,0.8183306055646481,0.0013274297652082,0.1401273885305692
cvc_clinicdb,cvc_367.jpg,0.9144736842107022,0.9103477167974228,0.8354479046488449,0.8354479046520569,0.0028358873494801,0.1219512195084771
cvc_clinicdb,cvc_368.jpg,0.8726195514179589,0.9014533147503456,0.820587169261252,0.9026515151515152,0.0059849150748659,0.064516129030366
cvc_clinicdb,cvc_369.jpg,0.8247726714184694,0.9191111111090686,0.8503289473649247,0.8907563025210085,0.0038264173210871,0.0676923076902248
cvc_clinicdb,cvc_37.jpg,0.9147515803155228,0.92965355255377,0.868553873161215,0.8774115312534451,0.0082707709827439,0.1593749999975097
cvc_clinicdb,cvc_370.jpg,0.8158232725409303,0.8188331627409958,0.693240901210168,0.6932409012131716,0.0064860100458587,0.0
cvc_clinicdb,cvc_371.jpg,0.8491751767484321,0.9197678388497106,0.8514538558732525,0.9384513567174056,0.0048645405607894,0.1969696969622359
cvc_clinicdb,cvc_372.jpg,0.8773500447633064,0.909630886716548,0.8342412451296947,0.908502024291498,0.0032239335580965,0.1038961038916062
cvc_clinicdb,cvc_373.jpg,0.767706422019201,0.8852558280324394,0.7941336230266479,0.955595026642984,0.0076790974363417,0.1877256317621759
cvc_clinicdb,cvc_374.jpg,0.7899484536089241,0.8927943760958033,0.80634920634494,0.8809917355371901,0.0020751205382263,0.1013513513479273
cvc_clinicdb,cvc_375.jpg,0.6022328548657025,0.745832114651226,0.5946828358181219,0.5946828358208955,0.0084997943878742,0.0
cvc_clinicdb,cvc_376.jpg,0.8155156102178879,0.8610603290663299,0.7560192616352167,0.7560192616372392,0.0018918678585702,0.0101265822782246
cvc_clinicdb,cvc_377.jpg,0.888377926421638,0.8282278193763826,0.7068164213760387,0.7074777218132506,0.0030978390022678,0.0369230769219408
cvc_clinicdb,cvc_378.jpg,0.7769136307822821,0.794768611668421,0.6594323873099852,0.659432387312187,0.0085622945247968,0.0235988200583009
cvc_clinicdb,cvc_379.jpg,0.891526541378531,0.915893827947183,0.8448377581071101,0.8951515151515151,0.0049128043088405,0.1722846441883039
cvc_clinicdb,cvc_38.jpg,0.9653271127134287,0.933907094779947,0.8760091078433534,0.8972158258321122,0.006162244428568,0.123142250528171
cvc_clinicdb,cvc_380.jpg,0.9025235032164708,0.9496115427281918,0.9040574809767368,0.9819621645402552,0.0025493083907654,0.1987577639689826
cvc_clinicdb,cvc_381.jpg,0.8108761329307993,0.93227960212436,0.8731495661029272,0.8939354838709678,0.0023582052434609,0.1072261072236077
cvc_clinicdb,cvc_382.jpg,0.9235259778168076,0.8365564566424882,0.7190348525449892,0.7315689981096408,0.0150092069845521,0.0814249363846965
cvc_clinicdb,cvc_383.jpg,0.8911400060479421,0.9213385484558578,0.8541498791274399,0.8778563656147987,0.0059234755584109,0.1212121212090603
cvc_clinicdb,cvc_384.jpg,0.8298209659332915,0.9649476137672908,0.932269348491066,0.9653546808983768,0.005985899652395,0.1783317353770054
cvc_clinicdb,cvc_385.jpg,0.8855005285842308,0.9178218478475122,0.8481245403281653,0.9708496732026144,0.012151271161582,0.0981873111775061
cvc_clinicdb,cvc_386.jpg,0.9209754751474732,0.6703629254929933,0.5041698508155283,0.5277740280777538,0.0645554876553181,0.0429629629626447
cvc_clinicdb,cvc_387.jpg,0.920699153262842,0.8531067482934254,0.7438414578026371,0.8267240825245838,0.0240711025985485,0.0303239145414863
cvc_clinicdb,cvc_388.jpg,0.8635323610752147,0.6181406921509572,0.4473253453805907,0.798031560110623,0.0868766680783163,0.0402769037127735
cvc_clinicdb,cvc_389.jpg,0.9123315960271628,0.9437103052650728,0.8934199679964634,0.9634937396289032,0.0145678198888954,0.1348747591509164
cvc_clinicdb,cvc_39.jpg,0.9364341085272022,0.93660665575457,0.8807715986027482,0.9065945496151446,0.0055268051220784,0.1218487394932384
cvc_clinicdb,cvc_390.jpg,0.9791170742263636,0.9682888023259538,0.9385269875028244,0.9486823114342224,0.0019438595028636,0.1839323467211001
cvc_clinicdb,cvc_391.jpg,0.9626641651032244,0.933358793201324,0.8750447547424364,0.986722306525038,0.0082302171377771,0.1541353383429674
cvc_clinicdb,cvc_392.jpg,0.9041687427338182,0.9147201410307874,0.8428426395930528,0.8539475028087019,0.0096137691494762,0.1308980213069878
cvc_clinicdb,cvc_393.jpg,0.9491265118065212,0.9514861213455222,0.9074616375765404,0.9919266055045872,0.0035374624375622,0.1873015872986142
cvc_clinicdb,cvc_394.jpg,0.9441465325059082,0.9380678106995202,0.8833594274201706,0.9246857142857144,0.0061401271231023,0.0946372239732707
cvc_clinicdb,cvc_395.jpg,0.9121977080869816,0.9590548130927914,0.9213307531996716,0.947566955865711,0.0009461676112981,0.1353383458629656
cvc_clinicdb,cvc_396.jpg,0.9359180145697265,0.9547513125722596,0.9134202453980724,0.9371894409937888,0.0035005334763223,0.1522842639574583
cvc_clinicdb,cvc_397.jpg,0.9631794272355468,0.9377490039837718,0.8827941865911375,0.9733431607395124,0.006666988904513,0.1150353178595859
cvc_clinicdb,cvc_398.jpg,0.934774793282334,0.9643766532345396,0.9312040485052366,0.959455531873668,0.0043321321677775,0.1666666666650132
cvc_clinicdb,cvc_399.jpg,0.9312458517159524,0.9506561276951304,0.9059529033195072,0.9129477392836172,0.0018970697685009,0.1599015990140233
cvc_clinicdb,cvc_4.jpg,0.8083432591895493,0.69580464439948,0.5335125918149701,0.5792921788464136,0.046992486117958,0.13323124042777
cvc_clinicdb,cvc_40.jpg,0.950962586269554,0.9237351190470462,0.8582786035247628,0.8755669263867891,0.0111948600975608,0.1242038216540731
cvc_clinicdb,cvc_400.jpg,0.9496987529774767,0.948024378551703,0.9011847415689348,0.96646916240237,0.0032079468979644,0.0963855421670157
cvc_clinicdb,cvc_401.jpg,0.93091958024572,0.9472819521619004,0.8998439364721381,0.933570027095207,0.0028090399823618,0.1176470588219915
cvc_clinicdb,cvc_402.jpg,0.950877791034617,0.9727631578944168,0.9469706673492078,0.9880975737361848,0.0025267743812742,0.1664712778409557
cvc_clinicdb,cvc_403.jpg,0.9476173703014404,0.9582614694717596,0.919867549668004,0.9523763709832596,0.0034933537921955,0.218281036831947
cvc_clinicdb,cvc_404.jpg,0.9587120698231996,0.9307161345983904,0.8704107157259174,0.9315057078576784,0.0136165210957267,0.1654501216524884
cvc_clinicdb,cvc_405.jpg,0.9561074831388736,0.9473088401765218,0.8998924626054355,0.9798288508557456,0.0044511745617148,0.214285714282653
cvc_clinicdb,cvc_406.jpg,0.9564136971323708,0.9444652556654128,0.8947741992716752,0.9504977623527264,0.0103470650188714,0.0627557980891847
cvc_clinicdb,cvc_407.jpg,0.9607886871570858,0.9170878852107788,0.8468719415788248,0.8895478702919202,0.020183300383201,0.1357702349851727
cvc_clinicdb,cvc_408.jpg,0.919588105981766,0.907264657789706,0.8302693458734177,0.8484455958549223,0.015457416542796,0.2845417236623181
cvc_clinicdb,cvc_409.jpg,0.9758399395998532,0.9808584883285936,0.9624360082438128,0.990088996763754,0.0026020416484251,0.1921331316173061
cvc_clinicdb,cvc_41.jpg,0.9259659817127854,0.9428710462277928,0.8919167740731138,0.8982080177350822,0.0065353357824514,0.1979381443258157
cvc_clinicdb,cvc_410.jpg,0.9221710487961744,0.9148963236223668,0.8431418522850607,0.904312015503876,0.0101127122616468,0.0811688311675134
cvc_clinicdb,cvc_411.jpg,0.8853160010263531,0.9109777189938844,0.8365097159924579,0.8675660269808094,0.008949244120536,0.1849462365551624
cvc_clinicdb,cvc_412.jpg,0.8394263450221011,0.9027310924360264,0.822707256364498,0.8251533742331288,0.0074825289878953,0.1394335511952193
cvc_clinicdb,cvc_413.jpg,0.7955679607546345,0.9119204582287777,0.8381009137845886,0.8417595541401274,0.0055274529721055,0.1222707423554089
cvc_clinicdb,cvc_414.jpg,0.8808698227945355,0.909785493937709,0.8345013654457163,0.8523588039867109,0.0266017742487104,0.0926064227028184
cvc_clinicdb,cvc_415.jpg,0.8250644932142577,0.9087075690487418,0.8326893353934832,0.9057377049180328,0.0183418812071053,0.2002503128886076
cvc_clinicdb,cvc_416.jpg,0.8678572812149429,0.9571826256016271,0.9178813559314256,0.9730601569311248,0.006292193563244,0.1702127659551833
cvc_clinicdb,cvc_417.jpg,0.8149436248388315,0.9641976131735688,0.9308702368680086,0.9998666666666668,0.0027312570230014,0.1766666666637222
cvc_clinicdb,cvc_418.jpg,0.8626844114310712,0.869011213046803,0.7683641279838478,0.8049678012879485,0.0114408399993638,0.0643678160904743
cvc_clinicdb,cvc_419.jpg,0.8816661862208556,0.9486286286282488,0.9022774011722886,0.9843476879071984,0.0020913538605638,0.1060240963842647
cvc_clinicdb,cvc_42.jpg,0.9477038165824286,0.8870539663809444,0.7970323264430352,0.80132802124834,0.0159816731837339,0.1186440677945992
cvc_clinicdb,cvc_420.jpg,0.7576756645374828,0.9457222512628742,0.8970333030320659,0.9408183970240108,0.0074760472391147,0.1486146095699166
cvc_clinicdb,cvc_421.jpg,0.8621210446827045,0.8959956015756914,0.8115869853910926,0.8452823807913425,0.0137654181468529,0.0888888888877269
cvc_clinicdb,cvc_422.jpg,0.8940265133365418,0.888033374022336,0.7986151322136658,0.8309060097747869,0.0403861918141503,0.053483462350081
cvc_clinicdb,cvc_423.jpg,0.8938979963570473,0.9300264455718212,0.8692050768197266,0.9597982910771816,0.0101156041725461,0.1603773584886748
cvc_clinicdb,cvc_425.jpg,0.87142281338196,0.7605061003145944,0.6135617936543436,0.9963915200721696,0.0455223221505935,0.046035805625421
cvc_clinicdb,cvc_426.jpg,0.8512474872887246,0.9127745788008012,0.8395449195752066,0.940008274720728,0.012249365207997,0.0866551126501446
cvc_clinicdb,cvc_427.jpg,0.9641337386018384,0.9379759688606624,0.8831965580424801,0.9321507398021744,0.0123566567682564,0.1228070175423207
cvc_clinicdb,cvc_428.jpg,8.943743851168103e-13,0.0,0.0,0.0,1.0,0.0
cvc_clinicdb,cvc_429.jpg,0.932067202337514,0.9679715302485546,0.9379310344817152,1.0,0.0035809256497977,0.1637239165302773
cvc_clinicdb,cvc_43.jpg,0.9359170491246508,0.8932694015264666,0.807124518612312,0.8185047634425965,0.0113633514824003,0.0677966101682147
cvc_clinicdb,cvc_430.jpg,0.9143326800278724,0.9701606732970572,0.9420505200583584,0.993780802628491,0.0030159609136637,0.1324717285923671
cvc_clinicdb,cvc_431.jpg,0.9316549426138974,0.962825278809746,0.9283154121851476,0.9712308318632108,0.004355443204676,0.2190812720809349
cvc_clinicdb,cvc_432.jpg,0.936385953677054,0.9634761346844464,0.9295262433645276,0.99887995112514,0.0048923706244868,0.165137614676374
cvc_clinicdb,cvc_433.jpg,0.9700908898753065,0.9580201462387083,0.9194229070557272,0.9609946856512585,0.0047133666464427,0.1505376344062897
cvc_clinicdb,cvc_434.jpg,0.9618897947156656,0.9647659902631875,0.931930347331286,0.9947120469185656,0.0041440747523889,0.1601164483237246
cvc_clinicdb,cvc_435.jpg,0.9702208201892932,0.9635607424415148,0.9296837565872906,0.9964059982649648,0.0026364284180962,0.1638795986594668
cvc_clinicdb,cvc_436.jpg,0.9399809463322072,0.9649462105639036,0.9322667289490456,0.9973442781265088,0.0040177098926645,0.1699999999971666
cvc_clinicdb,cvc_437.jpg,0.9499175189706698,0.973264748840431,0.9479218208795795,0.9998729997459996,0.0032739282748951,0.1993243243209573
cvc_clinicdb,cvc_438.jpg,0.5803997816892515,0.8371724674685149,0.7199455156053828,0.7673874221728848,0.015761251645506,0.1450712957213573
cvc_clinicdb,cvc_439.jpg,0.9430466891976824,0.9335207637785196,0.8753295254823424,0.9592609593757172,0.0019681694441196,0.1104477611923813
cvc_clinicdb,cvc_44.jpg,0.966082000774655,0.6708197649719164,0.5046868342559601,0.5256507182201101,0.0554707332157918,0.013793103448038
cvc_clinicdb,cvc_440.jpg,0.8417326502097422,0.9129611055378212,0.8398605700208328,0.8721051533486335,0.0070328099723118,0.2413793103396254
cvc_clinicdb,cvc_441.jpg,0.9128971962618452,0.9227364927145072,0.8565559739785809,0.8635738831615121,0.0060377642199899,0.2826086956444943
cvc_clinicdb,cvc_442.jpg,0.8545358370803299,0.9245143111361048,0.8596249310511318,0.943227665706052,0.0044584592648061,0.1065375302637642
cvc_clinicdb,cvc_443.jpg,0.9426375844136128,0.9688633615470308,0.9396071533260928,0.9775818263338814,0.0036616947156801,0.2249560632649392
cvc_clinicdb,cvc_444.jpg,0.9415219611849198,0.9649718910230648,0.9323146711222008,0.9584996975196612,0.0019276449294524,0.1739130434754603
cvc_clinicdb,cvc_445.jpg,0.9674753681534176,0.9621050345647826,0.9269772632159806,0.9473498731322244,0.0033275372229999,0.1461632155889627
cvc_clinicdb,cvc_446.jpg,0.912524298805922,0.9354979905292524,0.8788127990424052,0.915326575718314,0.0155983448497144,0.161781946070788
cvc_clinicdb,cvc_447.jpg,0.9142108709890076,0.9574361542297488,0.9183477425522948,0.967487684729064,0.0018409446881036,0.3289124668347769
cvc_clinicdb,cvc_448.jpg,0.9506395786305863,0.5569173244697165,0.3859219807105428,0.3859219807110983,0.0486801178283096,0.0081799591000372
cvc_clinicdb,cvc_449.jpg,0.9514181960938743,0.8824824405064655,0.7896810506551788,0.8008306588635077,0.0122370830143525,0.0562770562758381
cvc_clinicdb,cvc_45.jpg,0.9281800681179267,0.9443600318349292,0.8945853324182391,0.911353892960863,0.0049156457404178,0.1440823327591066
cvc_clinicdb,cvc_450.jpg,0.9563106796117262,0.9036122708279114,0.8241721854277345,0.8271973466003317,0.0062561592166475,0.0979827089308938
cvc_clinicdb,cvc_451.jpg,0.9311758360303536,0.9121813031141596,0.8385416666633072,0.8489121676067687,0.0040630114385302,0.081761006286737
cvc_clinicdb,cvc_452.jpg,0.9508876506415046,0.9468725464525688,0.8991053677910062,0.906686626746507,0.0020043668068442,0.1980676328454573
cvc_clinicdb,cvc_453.jpg,0.949386685721151,0.9447793585713228,0.8953382084074604,0.9115003457017746,0.0048584169541361,0.2385321100862722
cvc_clinicdb,cvc_454.jpg,0.9675251959686691,0.9442991229412644,0.8944760239019174,0.8958576429404901,0.007287283826378,0.1688555347060252
cvc_clinicdb,cvc_455.jpg,0.8933545986178132,0.7354948805456268,0.5816464237511262,0.581646423751687,0.0224673061525899,0.0
cvc_clinicdb,cvc_456.jpg,0.9329783756013578,0.6947407591164135,0.5322626627382568,0.5364970459310082,0.050568145135452,0.1557632398729632
cvc_clinicdb,cvc_457.jpg,0.8565851001044824,0.765094577553208,0.619557225716347,0.6214116299991821,0.0621461416523477,0.0663983903413843
cvc_clinicdb,cvc_458.jpg,0.4310861423223637,0.36459812900996,0.2229410002993573,0.224848521207031,0.2008589578765219,0.0812445980978285
cvc_clinicdb,cvc_459.jpg,0.8864910610389437,0.8862918509150491,0.795802609187378,0.7968217934165721,0.0099830847438655,0.1086956521715501
cvc_clinicdb,cvc_46.jpg,0.9669905907759008,0.934019801979458,0.8762074602453913,0.8982107953691174,0.0054310979404429,0.0735551663734929
cvc_clinicdb,cvc_460.jpg,0.9251773049646054,0.9522904062221672,0.9089259198137124,0.9696969696969696,0.0057899977688612,0.1040462427725617
cvc_clinicdb,cvc_461.jpg,0.9398539309752686,0.8740774556791645,0.7763211244752314,0.7854911017524793,0.0156811451967231,0.0639431616329672
cvc_clinicdb,cvc_462.jpg,0.8469427786808009,0.7096045197735659,0.5499124343252092,0.556271981242673,0.0565552787081746,0.0733137829901273
cvc_clinicdb,cvc_463.jpg,0.9459602757045776,0.9339383091200376,0.8760640374846731,0.8765036713013592,0.0112624664066231,0.1149732620305484
cvc_clinicdb,cvc_464.jpg,0.9648943421949756,0.898311218334802,0.8153947224342325,0.8253880876362435,0.0153599841149819,0.0426229508189733
cvc_clinicdb,cvc_465.jpg,0.6646015985840461,0.4668551281642579,0.3045081627578087,0.3069993357688476,0.1671686391027465,0.0392584514717638
cvc_clinicdb,cvc_466.jpg,0.9687678453766884,0.6359672699034605,0.4662404763985758,0.4706192358366271,0.0622086679385941,0.1059390048137088
cvc_clinicdb,cvc_467.jpg,0.8983377624928882,0.7538313562034281,0.6049192137484769,0.6689854452054794,0.0555133461686112,0.2865168539285601
cvc_clinicdb,cvc_468.jpg,8.45737483084535e-13,0.0,0.0,0.0,1.0,0.0
cvc_clinicdb,cvc_469.jpg,0.9020315680326042,0.94677449689639,0.8989285714279293,0.9116272380815416,0.0048502217289988,0.1447963800888597
cvc_clinicdb,cvc_47.jpg,0.9500642555535386,0.919381531041222,0.8507919838970414,0.8620355696425427,0.0096335522564113,0.0715268225574755
cvc_clinicdb,cvc_470.jpg,1.0046212577848057e-12,0.0,0.0,0.0,1.0,0.0
cvc_clinicdb,cvc_471.jpg,4.64792005577288e-13,0.0,0.0,0.0,1.0,0.0
cvc_clinicdb,cvc_472.jpg,0.9077754373111302,0.8677858828575232,0.7664503292430875,0.8034436061133682,0.0289151598190086,0.0573414422236547
cvc_clinicdb,cvc_473.jpg,0.9347537421535688,0.886241770175495,0.7957218599544178,0.8124000492065445,0.0247158058598871,0.16252390057206
cvc_clinicdb,cvc_474.jpg,0.9258930253842832,0.927537892896786,0.864867753138731,0.9103946576167278,0.0096329173602167,0.2138728323678818
cvc_clinicdb,cvc_475.jpg,0.8967616813999872,0.8381597578918739,0.721407063996214,0.7496720913286373,0.0300802896903539,0.0843263061403819
cvc_clinicdb,cvc_476.jpg,0.8768310514422765,0.9466955826957693,0.8987863025569469,0.967437682461262,0.0085375086816136,0.0980207351545898
cvc_clinicdb,cvc_477.jpg,0.8978490356377761,0.9351928276644556,0.8782743504753137,0.9421259189652312,0.0120655310199505,0.1389671361489299
cvc_clinicdb,cvc_478.jpg,0.9188312430036966,0.9403827222740184,0.8874739418105286,0.9841360583107046,0.0143513486596636,0.0980223559750815
cvc_clinicdb,cvc_479.jpg,0.9680156104182664,0.9531956897258224,0.9105767719624336,0.98125814863103,0.0080193747373892,0.1210317460305453
cvc_clinicdb,cvc_48.jpg,0.9253593807593758,0.872657376260574,0.7740835464607433,0.8061100503384829,0.0175389593337623,0.0574712643667151
cvc_clinicdb,cvc_480.jpg,0.9320082125747816,0.9082197220381448,0.831870423354429,0.8970019585195601,0.0234790632073274,0.1152790484893387
cvc_clinicdb,cvc_481.jpg,0.911292525264814,0.8598307186368915,0.7541254905665733,0.9377383128754244,0.0292527719530417,0.0796116504846639
cvc_clinicdb,cvc_482.jpg,0.955860509455305,0.9308446472044106,0.8706355393259465,0.9484188034188036,0.0049211280205402,0.2127272727253388
cvc_clinicdb,cvc_483.jpg,0.9668325771924487,0.9207831949011986,0.853195753208181,0.8624871443263628,0.0192047126607947,0.1465346534638957
cvc_clinicdb,cvc_484.jpg,0.9601231797066756,0.9244952344366734,0.8595919460686371,0.901789790886677,0.0215979685633961,0.1823529411746828
cvc_clinicdb,cvc_485.jpg,0.9546385925245692,0.8750606109581077,0.777873563217832,0.8045792620679597,0.0215884285417991,0.074074074073128
cvc_clinicdb,cvc_486.jpg,0.9562516638566366,0.9564418305449766,0.916519901372109,0.972091337441102,0.0034546971393726,0.1212121212096724
cvc_clinicdb,cvc_487.jpg,0.9741197183098704,0.965544800638946,0.9333848398996192,0.9803042293150444,0.0040652466262335,0.1328021248322337
cvc_clinicdb,cvc_488.jpg,0.9771435682581916,0.9752874764787892,0.9517669142243108,0.9699341021416804,0.0033199113525734,0.1874999999975586
cvc_clinicdb,cvc_489.jpg,0.9363116061888056,0.9639361080632988,0.9303828804046292,0.9400950959252502,0.0110737528114975,0.1564967695609727
cvc_clinicdb,cvc_49.jpg,0.955532686995637,0.9528579205220724,0.9099604907455708,0.9312447434819175,0.0035763529962126,0.1169590643257754
cvc_clinicdb,cvc_490.jpg,0.9737639218975744,0.9695997584585728,0.9409933338215256,0.995218373493976,0.0022917323999909,0.1471083660856423
cvc_clinicdb,cvc_491.jpg,0.922028502499584,0.9039310690500744,0.8247027568482102,0.8636626484586984,0.0238501807667757,0.0947955390325762
cvc_clinicdb,cvc_492.jpg,0.9611619425427174,0.9765685313078272,0.954209989805931,0.9815189978087402,0.0044671249222673,0.198723792158626
cvc_clinicdb,cvc_493.jpg,0.9632645464486044,0.9740681454376918,0.949447218259206,0.9815125288866736,0.0047029727940472,0.1928838951292801
cvc_clinicdb,cvc_494.jpg,0.9752323704569558,0.9660653040735672,0.9343581445518152,0.993164008225421,0.0067110638530354,0.1027932960882369
cvc_clinicdb,cvc_495.jpg,0.9567720622935448,0.9767289259682276,0.9545163063388812,0.9621556996367316,0.0035972561336062,0.1756487025930574
cvc_clinicdb,cvc_496.jpg,0.9434326010857026,0.9758547805542768,0.9528480551639136,0.95931790499391,0.0021869472644157,0.1577350859438045
cvc_clinicdb,cvc_497.jpg,0.939807316224557,0.8915391993537166,0.8043037686437882,0.8140525195173882,0.0333431888250566,0.0561724363157663
cvc_clinicdb,cvc_498.jpg,0.9604972049112562,0.9602758667780332,0.9235871671096696,0.9270041777690056,0.0118534278883547,0.2117647058805734
cvc_clinicdb,cvc_499.jpg,0.9643727051296098,0.9726685200561482,0.9467913122931936,0.9564173200536836,0.0047392290465063,0.1938958707343456
cvc_clinicdb,cvc_5.jpg,0.7704644598409769,0.8559325852819359,0.7481487316836709,0.7751379889608832,0.0250534622415412,0.2642140468205333
cvc_clinicdb,cvc_50.jpg,0.9278383072794444,0.959565479781292,0.9222737818998774,0.9557391560932428,0.0020535479727797,0.3061224489717826
cvc_clinicdb,cvc_500.jpg,0.9448042341957512,0.9526169092595376,0.9095209934944356,0.9445950015055706,0.009029800962906,0.1107266435973387
cvc_clinicdb,cvc_501.jpg,0.965671257193585,0.9817653793524388,0.9641838525663864,0.9899422093798622,0.0031047511769953,0.1579532814220472
cvc_clinicdb,cvc_502.jpg,0.95106735549275,0.9781198200329202,0.9571766232558014,0.972350660875251,0.0008750308702322,0.1807106598966425
cvc_clinicdb,cvc_503.jpg,0.973339300556236,0.9839477564775684,0.9684027201853672,0.9782463743957326,0.0006941520433341,0.1538461538446558
cvc_clinicdb,cvc_504.jpg,0.972742590940642,0.9656686626741688,0.9336163643371924,0.9938314595562632,0.0038813223483883,0.2020497803777152
cvc_clinicdb,cvc_505.jpg,0.973362459652449,0.9687939090935632,0.9394765194239562,0.9806485017150992,0.0052482347307951,0.1913875598063231
cvc_clinicdb,cvc_506.jpg,0.8591392607592581,0.8592427391148996,0.7532213631918704,0.8066436207962272,0.0460716870236079,0.1275541795657736
cvc_clinicdb,cvc_507.jpg,0.9649421501982224,0.9667562206542086,0.935651624504645,0.9789813664596272,0.0070019486034327,0.1666666666654693
cvc_clinicdb,cvc_508.jpg,0.9616869796066244,0.8813832149198265,0.7879223936878936,0.8626964433416047,0.0384955463046649,0.1483007209047548
cvc_clinicdb,cvc_509.jpg,0.9617780635826688,0.8207819287573168,0.6960391370973146,0.7552153226790289,0.063760190894769,0.1303462321778987
cvc_clinicdb,cvc_510.jpg,0.9597890573500506,0.8356137376283129,0.7176430748386605,0.790272483410984,0.0585494451322735,0.1171458998922561
cvc_clinicdb,cvc_511.jpg,0.9476888228215844,0.8523376518863343,0.7426728369082279,0.7458555774093847,0.0132031388674257,0.0595903165724471
cvc_clinicdb,cvc_512.jpg,0.95057034220536,0.9356209664717964,0.8790298728173928,0.8795857988165681,0.0062864114610162,0.1732580037632154
cvc_clinicdb,cvc_513.jpg,0.9393881816454878,0.9468384228072014,0.8990438345946864,0.9154559118236472,0.0072342408027147,0.1973244147124193
cvc_clinicdb,cvc_514.jpg,0.9089382017505486,0.9088064371922624,0.832855387135737,0.835261301173189,0.0066675816882678,0.0346106304074831
cvc_clinicdb,cvc_515.jpg,0.9668881759853536,0.9408861205776584,0.8883710608068259,0.914070408278034,0.0053910749728149,0.1299435028230234
cvc_clinicdb,cvc_516.jpg,0.976166117236946,0.9792805100178432,0.959402186035423,0.9895809739524348,0.0016028621894369,0.2531645569588207
cvc_clinicdb,cvc_517.jpg,0.9640396085471284,0.967871716764775,0.937743624010538,0.9571428571428572,0.0058092904284156,0.2765273311852648
cvc_clinicdb,cvc_518.jpg,0.965497935474865,0.9639303482580404,0.9303721488583028,0.9657701711491442,0.0060962420961464,0.2508833922217158
cvc_clinicdb,cvc_519.jpg,0.9788410539976362,0.9763686157144538,0.9538283318617864,0.9732033426183844,0.0031254671156885,0.1555806087919325
cvc_clinicdb,cvc_520.jpg,0.982457730837228,0.981657320315248,0.963975427818796,0.9938081874471024,0.0013969653042778,0.175889328061503
cvc_clinicdb,cvc_521.jpg,0.9549412380454132,0.9487056106241224,0.9024166971796936,0.9175124561727256,0.007835802766716,0.1342857142837959
cvc_clinicdb,cvc_522.jpg,0.9465320742429524,0.9567828698257236,0.9171464330401538,0.9451428571428572,0.0058155056274075,0.2013422818758164
cvc_clinicdb,cvc_523.jpg,0.933772269558546,0.9586839368431892,0.92064644997109,0.9446589446589446,0.0029080913659965,0.1028806584340971
cvc_clinicdb,cvc_524.jpg,0.9791858812972108,0.9674566678455284,0.9369647139426728,0.946586661420421,0.0027160187712868,0.150515463915974
cvc_clinicdb,cvc_525.jpg,0.9722085916938162,0.9776897689764674,0.9563533057843006,0.9788401253918496,0.0029460627170904,0.2077562326841031
cvc_clinicdb,cvc_526.jpg,0.9628376473242188,0.9465508313670408,0.8985253959575111,0.905811403508772,0.0053088841053219,0.16693418940342
cvc_clinicdb,cvc_527.jpg,0.973965248513552,0.9699127239314596,0.9415830546254832,0.969467375325116,0.0044819244005003,0.1467889908234436
cvc_clinicdb,cvc_528.jpg,0.9747720224043074,0.980511683753126,0.9617684363100544,0.970336669699727,0.0012534849291221,0.3100558659174573
cvc_clinicdb,cvc_529.jpg,0.8293823038400178,0.944493915106939,0.8948256467916343,0.9615720524017468,0.0035705675509991,0.2142857142806122
cvc_clinicdb,cvc_53.jpg,0.923346986542286,0.8935406698511152,0.8075675675588371,0.8828828828828829,0.0042717974873363,0.1047120418793344
cvc_clinicdb,cvc_530.jpg,0.3037716615702441,0.3412595312056813,0.2057341323888547,0.2567433276547416,0.1222103799802633,0.0547320410484067
cvc_clinicdb,cvc_531.jpg,0.807183628010849,0.9128693039547912,0.8397052049727322,0.8866320264525271,0.0079007339885182,0.1261261261232854
cvc_clinicdb,cvc_532.jpg,0.8538210003635051,0.9076604554856028,0.8309325246383038,0.9546742209631728,0.0053458832911104,0.1195079086094989
cvc_clinicdb,cvc_533.jpg,0.4723962996123185,0.7299384628089333,0.5747268470339654,0.5837912087912088,0.0517533623031286,0.0960384153649935
cvc_clinicdb,cvc_534.jpg,0.8286874154263676,0.9302411644970516,0.8695802583015803,0.894927536231884,0.0017559446306125,0.1294765840202551
cvc_clinicdb,cvc_535.jpg,0.5169531996181483,0.5936690323305194,0.422140339634507,0.4222922452467421,0.0644146540768624,0.0536130536124287
cvc_clinicdb,cvc_536.jpg,0.33374905240522,0.2540134119080842,0.1454841713221178,0.1553338224504769,0.1328188521945054,0.0249449743211669
cvc_clinicdb,cvc_537.jpg,0.9155416012559754,0.8546752445572797,0.7462296091093471,0.8507584407111402,0.057760273915847,0.1127596439152409
cvc_clinicdb,cvc_538.jpg,0.5358727154435821,0.6107649997190263,0.439641241111474,0.4453638354830859,0.0609529985267354,0.0302613480050858
cvc_clinicdb,cvc_539.jpg,0.9188344172086552,0.937499999999442,0.8823529411754819,0.9557625145518044,0.0076021455655631,0.1264044943802471
cvc_clinicdb,cvc_54.jpg,2.252252252201526e-11,0.0,0.0,0.0,1.0,0.0
cvc_clinicdb,cvc_540.jpg,0.9659631919278172,0.9684878392664896,0.938901038818385,0.9665881048107584,0.0017982704524901,0.1788990825667557
cvc_clinicdb,cvc_541.jpg,0.4693197072708313,0.4949861318538532,0.3288914091293853,0.3298717512200658,0.1185774626797764,0.1213535589250717
cvc_clinicdb,cvc_542.jpg,0.3674672678402939,0.3653539656320481,0.2235064704838775,0.224418109565711,0.1756980636795828,0.0626029654031087
cvc_clinicdb,cvc_543.jpg,0.6507813052394645,0.95339267945003,0.9109363757832712,0.9543256596236728,0.0090192355035695,0.1971830985895655
cvc_clinicdb,cvc_544.jpg,0.5046517068255917,0.4782147041592564,0.3142458436589481,0.3188150365774161,0.1726038167044974,0.0924764890274884
cvc_clinicdb,cvc_545.jpg,0.4349151368204244,0.4516129032256516,0.2916666666665375,0.2918382711128825,0.1480391420623868,0.0743099787677886
cvc_clinicdb,cvc_546.jpg,0.8840440470032636,0.9280135106601026,0.8656951555719238,0.9059817596566524,0.004742839895185,0.1199442119927483
cvc_clinicdb,cvc_547.jpg,0.433849455772752,0.5189009159025497,0.3503485495832014,0.3910122770442437,0.1556463413193888,0.0651340996156104
cvc_clinicdb,cvc_548.jpg,0.5179407176292422,0.4729263841001085,0.3096945551124705,0.3432307273222555,0.1841264936701852,0.0885860306628861
cvc_clinicdb,cvc_549.jpg,0.535313531354669,0.0,0.0,0.6707070707070707,0.2142242197759025,0.0
cvc_clinicdb,cvc_55.jpg,1.5037593984736276e-11,0.0,0.0,0.0,1.0,0.0
cvc_clinicdb,cvc_550.jpg,0.7912699081488234,0.8177177413014861,0.6916434170310992,0.808921721835488,0.0438940307779325,0.0640243902429264
cvc_clinicdb,cvc_551.jpg,0.8123463071315082,0.8304448526468888,0.7100518983874488,0.8057398327083934,0.0459705773376995,0.0219780219776769
cvc_clinicdb,cvc_552.jpg,0.6100888140711616,0.627604830080691,0.4573062073058677,0.7870345078758081,0.0898145238521505,0.0072727272726391
cvc_clinicdb,cvc_553.jpg,0.2742998352561014,0.473077484312749,0.3098241590208145,0.3532780410742496,0.1800524007120633,0.052208835340317
cvc_clinicdb,cvc_554.jpg,0.2747459540842352,0.3423794801324374,0.2065487703782722,0.256546762589928,0.2400189412951908,0.03802281368749
cvc_clinicdb,cvc_555.jpg,0.2692047758512398,0.3876796714573748,0.2404482934280175,0.2570986060918946,0.1983591801898869,0.0905797101432866
cvc_clinicdb,cvc_556.jpg,0.2338643067855647,0.2548955966674727,0.1460632362056465,0.1627877720467983,0.227324360836865,0.0374531835198978
cvc_clinicdb,cvc_557.jpg,0.322331169728874,0.3815142576199164,0.2357229647626528,0.2520225114315863,0.1937731624211946,0.12399999999752
cvc_clinicdb,cvc_558.jpg,0.2831351196456754,0.8177233429365356,0.691651432049411,0.8227183191070256,0.0161196598699519,0.1413427561787511
cvc_clinicdb,cvc_559.jpg,2.680965147381208e-11,0.0,0.0,0.0,1.0,0.0
cvc_clinicdb,cvc_56.jpg,0.9188386671066994,0.9352612553385882,0.878395061725684,0.8924129353233831,0.00425882195982,0.1517615176110633
cvc_clinicdb,cvc_560.jpg,2.531645569613844e-12,0.0,0.0,0.0,1.0,0.0
cvc_clinicdb,cvc_561.jpg,0.3660130718962881,0.3039163376370676,0.1791871146342278,0.208381689232753,0.1405960148908938,0.0382608695645519
cvc_clinicdb,cvc_562.jpg,0.350642566085727,0.4181866714116752,0.2643716953535106,0.2800683371298405,0.1683015261859902,0.0448717948710757
cvc_clinicdb,cvc_563.jpg,0.8468185388845956,0.4607439992348153,0.2993290258448064,0.4202734516479536,0.2559879178379512,0.0466724286944972
cvc_clinicdb,cvc_564.jpg,0.807054144799098,0.3764705882352074,0.2318840579709487,0.6547297039887234,0.2765236774126661,0.0
cvc_clinicdb,cvc_565.jpg,0.2811603980441211,0.265120967741787,0.1528181289946718,0.1609128145114101,0.1891962966192009,0.0198019801977747
cvc_clinicdb,cvc_566.jpg,2.88018433178894e-12,0.0,0.0,0.0,1.0,0.0
cvc_clinicdb,cvc_567.jpg,0.3372323990303746,0.2422789451413873,0.1378369704747467,0.1490844271592934,0.1005914511950935,0.0851926977670346
cvc_clinicdb,cvc_568.jpg,0.4860968074176823,0.8350434096224544,0.7168021680119674,0.8388969521044993,0.0067006663230691,0.1744186046410221
cvc_clinicdb,cvc_569.jpg,0.32683082827206,0.8140116763902084,0.6863572433096152,0.8911671924290221,0.0054962584719054,0.1521739130352079
cvc_clinicdb,cvc_57.jpg,0.8553945249602081,0.837675350698605,0.720689655168272,0.7226697353279632,0.0043513636966194,0.0387596899209783
cvc_clinicdb,cvc_570.jpg,0.7857142857149182,0.8581395348803948,0.7515274949032483,0.8984547461368654,0.0077668461093416,0.0833333333298611
cvc_clinicdb,cvc_571.jpg,0.3266090297803523,0.3028720626627202,0.1784615384612154,0.1973151894078705,0.1287977092643945,0.0547368421041108
cvc_clinicdb,cvc_572.jpg,0.9214069512577796,0.7555015197559203,0.6070730754188999,0.608644631331899,0.0109526099603815,0.1163793103423194
cvc_clinicdb,cvc_573.jpg,0.1078968573734456,0.4946971633016564,0.3286363057593783,0.3960665388217455,0.1680920135901794,0.0436507936503606
cvc_clinicdb,cvc_574.jpg,4.422821760263499e-12,0.0,0.0,0.0,1.0,0.0
cvc_clinicdb,cvc_575.jpg,0.761288685946523,0.0,0.0,0.0,1.0,0.0
cvc_clinicdb,cvc_576.jpg,1.7702248185488225e-12,0.0,0.0,0.0,1.0,0.0
cvc_clinicdb,cvc_578.jpg,1.8109380659148666e-12,0.0,0.0,0.0,1.0,0.0
cvc_clinicdb,cvc_579.jpg,0.7735002803215411,0.8631452581026656,0.7592397043285706,0.7778041261560351,0.0218845948907244,0.1382799325440425
cvc_clinicdb,cvc_58.jpg,0.8572347266885619,0.8868894601513918,0.7967667436443605,0.7988439306358381,0.0025206046091223,0.1044776119364
cvc_clinicdb,cvc_580.jpg,0.9249380267724592,0.6396791344088053,0.4702413603946309,0.4773322309494281,0.0991083434277861,0.1887694145736108
cvc_clinicdb,cvc_581.jpg,0.5707383361016266,0.929050242250661,0.8675012394634761,0.8956970306995471,0.0115729972932136,0.2358490566000652
cvc_clinicdb,cvc_582.jpg,0.4855157729591849,0.5620576740254141,0.3908763681773338,0.4064774922002674,0.1595462088926852,0.1215686274497885
cvc_clinicdb,cvc_583.jpg,0.2966771454595597,0.1085676913014687,0.0573997233748072,0.0573997233748271,0.2816918306022823,0.0190703218114532
cvc_clinicdb,cvc_584.jpg,0.1723464420023985,0.5825941346848791,0.41102844918407,0.4187293332049183,0.1429922609303211,0.0593749999995361
cvc_clinicdb,cvc_585.jpg,4.1373603640705945e-12,0.0,0.0,0.0,1.0,0.0
cvc_clinicdb,cvc_586.jpg,0.3270626573843405,0.3072404834518215,0.1815027358867469,0.1824495792707359,0.2114829655605105,0.1030444964859128
cvc_clinicdb,cvc_587.jpg,0.9135802469137372,0.9426172148339004,0.8914626075417226,0.9422358137954469,0.0020103222070433,0.2670299727447676
cvc_clinicdb,cvc_588.jpg,0.9075514874143992,0.8888888888866442,0.7999999999963636,0.8115279048490394,0.0069252830823795,0.1704918032730986
cvc_clinicdb,cvc_589.jpg,0.9422468354431522,0.8751905902834346,0.7780790085175133,0.7815289095847885,0.0071025665905089,0.1162079510667826
cvc_clinicdb,cvc_59.jpg,0.9399916072180444,0.5704868154143751,0.3990776871216776,0.4510669610007358,0.1209620895085275,0.076335877860653
cvc_clinicdb,cvc_590.jpg,0.230269266481386,0.1067121595387336,0.056363410390221,0.056363410390256,0.1932526091235996,0.0030911901081438
cvc_clinicdb,cvc_591.jpg,0.2764089493066579,0.0001653849334324,8.269930532576687e-05,8.269930532583527e-05,0.1995978148888401,0.0
cvc_clinicdb,cvc_592.jpg,0.8682820185827398,0.898342195807868,0.8154457694480189,0.9452388195923336,0.0162010346883183,0.0634920634909437
cvc_clinicdb,cvc_593.jpg,0.9474127937612526,0.8479433878807182,0.7360257985246683,0.7856578739535618,0.0194984124495754,0.1084112149512446
cvc_clinicdb,cvc_594.jpg,0.9332334688637564,0.9423214834535986,0.8909337466081152,0.956504309480858,0.0044946935495233,0.0776699029111132
cvc_clinicdb,cvc_595.jpg,3.551136363623753e-12,0.0,0.0,0.0,1.0,0.0
cvc_clinicdb,cvc_596.jpg,0.9223867205026416,0.8419829589449226,0.7270903010009128,0.863587152652472,0.0138907925704733,0.0549199084655624
cvc_clinicdb,cvc_597.jpg,0.7496589358807992,0.508084577113638,0.3405585660684857,0.3871037308604701,0.0509748285243787,0.0428571428561224
cvc_clinicdb,cvc_598.jpg,0.8979020979022764,0.8908760230359338,0.8032249248406581,0.8905444126074499,0.0097010739632512,0.1463414634110648
cvc_clinicdb,cvc_599.jpg,0.9302032058564556,0.907157101705177,0.830089213299209,0.8847358529964502,0.009241494301724,0.1502145922714546
cvc_clinicdb,cvc_6.jpg,0.9690660760428278,0.724939855653345,0.5685534591192217,0.60100735766135,0.0493089928960249,0.1418181818168925
cvc_clinicdb,cvc_60.jpg,0.920478536242223,0.7600664175990867,0.6129896216919551,0.6129896216940074,0.0142183747822892,0.0
cvc_clinicdb,cvc_600.jpg,0.9325683122195464,0.9664789194504476,0.9351322751312856,0.9652874798495432,0.0028099291388152,0.0791788856293375
cvc_clinicdb,cvc_601.jpg,0.9270182652012912,0.9412455934188152,0.8890122086558143,0.9543562508970864,0.0155562363788682,0.2358346094910285
cvc_clinicdb,cvc_602.jpg,0.9403263055949188,0.9523669075350594,0.9090653153140356,0.9209631728045324,0.0052365413801325,0.1540983606532115
cvc_clinicdb,cvc_603.jpg,0.941242796291693,0.9405829596406696,0.8878306878296438,0.8922804949911609,0.0020895050231109,0.0726172465949679
cvc_clinicdb,cvc_604.jpg,0.934328358209002,0.9664846935243132,0.935143086385484,0.9413737590555408,0.0018236023210965,0.2286585365818802
cvc_clinicdb,cvc_605.jpg,0.887557167639351,0.8392690409485938,0.7230521719128407,0.8765957446808511,0.0126571864862401,0.0269058295958092
cvc_clinicdb,cvc_606.jpg,0.8651501822296529,0.8702163061555009,0.7702503681870946,0.875195007800312,0.0120460191380791,0.1832061068667327
cvc_clinicdb,cvc_607.jpg,0.7575993764618909,0.789982925439594,0.6528692380035972,0.6575471698113208,0.0129955177925235,0.163043478256439
cvc_clinicdb,cvc_608.jpg,0.4170587342545021,0.6038760179277799,0.4325375293900953,0.5289064762088601,0.1030729279180185,0.113548387095309
cvc_clinicdb,cvc_609.jpg,0.9259763851045344,0.8437904649784063,0.7297902667466305,0.8082162622392507,0.0139893998130405,0.0243407707905813
cvc_clinicdb,cvc_61.jpg,4.568296025561589e-12,0.0,0.0,0.0,1.0,0.0
cvc_clinicdb,cvc_610.jpg,0.9168819982774368,0.9235825801140882,0.8580152671739351,0.9344327438903238,0.0043434388004859,0.0433070866133207
cvc_clinicdb,cvc_611.jpg,0.9025361082680512,0.8976393572694924,0.8142882850444227,0.925883476599809,0.010564207684344,0.0813953488356318
cvc_clinicdb,cvc_612.jpg,0.747673586256715,0.9181974741663056,0.848766250992707,0.968361581920904,0.0032936507431892,0.1339491916828187
cvc_clinicdb,cvc_62.jpg,0.8979458754486536,0.8882195448430783,0.7989163154677971,0.8065296251511487,0.0031488876440774,0.1915708812187137
cvc_clinicdb,cvc_63.jpg,0.9361842105265256,0.8853294503062056,0.7942521227903707,0.7954248366013071,0.0011187971486658,0.0781249999969482
cvc_clinicdb,cvc_64.jpg,0.9091564527761026,0.8750463477906005,0.7778510217483333,0.786092715231788,0.0005744751078214,0.0627450980367551
cvc_clinicdb,cvc_65.jpg,0.8857884490594231,0.8624037495786328,0.7580929958754674,0.7643236857649144,0.0011047322425942,0.0679245282993236
cvc_clinicdb,cvc_66.jpg,0.9036525740583732,0.8521256931581882,0.7423510466948882,0.7451612903225806,0.0006824855079045,0.0573476702488405
cvc_clinicdb,cvc_67.jpg,0.9223167718915116,0.7691322446341047,0.624869927155958,0.6248699271592092,0.0085979952628724,0.0
cvc_clinicdb,cvc_68.jpg,1.517680983454974e-12,0.0,0.0,0.0,1.0,0.0
cvc_clinicdb,cvc_69.jpg,0.5753307725147774,0.575705731393123,0.4042042042029904,0.4042042042042042,0.0263835749409081,0.0
cvc_clinicdb,cvc_7.jpg,0.9712337523971936,0.6776279121612202,0.5124336171286722,0.5274337036564083,0.0660503210734168,0.1458863443583894
cvc_clinicdb,cvc_70.jpg,3.27976385699154e-12,0.0,0.0,0.0,1.0,0.0
cvc_clinicdb,cvc_71.jpg,1.1454753722663748e-11,0.0,0.0,0.0,1.0,0.0
cvc_clinicdb,cvc_72.jpg,0.6499377851521154,0.8290462098774664,0.7080093312569673,0.774232633279483,0.0677717703247108,0.1637717121547451
cvc_clinicdb,cvc_73.jpg,0.4269662921361728,0.4401650618970009,0.2821869488526202,0.4580826313678299,0.2864118100933764,0.0170454545449703
cvc_clinicdb,cvc_74.jpg,3.644314868791384e-12,0.0,0.0,0.0,1.0,0.0
cvc_clinicdb,cvc_75.jpg,0.7247292418778775,0.8245467224523723,0.701471286185565,0.8998410174880763,0.0100062347206805,0.0324675324664783
cvc_clinicdb,cvc_76.jpg,5.235602094213427e-12,0.0,0.0,0.0,1.0,0.0
cvc_clinicdb,cvc_77.jpg,0.7005807200936107,0.4978571428562538,0.3314312886344949,0.6129032258064516,0.0765860410034352,0.039062499999237
cvc_clinicdb,cvc_78.jpg,0.9224528752089658,0.8311265023409429,0.7110491460414394,0.8296682817741334,0.0149993770942505,0.0906801007533833
cvc_clinicdb,cvc_79.jpg,0.9010367577759164,0.7251705837742131,0.5688373476046125,0.7041343669250646,0.0380877422961634,0.0255863539440173
cvc_clinicdb,cvc_8.jpg,0.9522700814901148,0.5805252428346983,0.4089718678717542,0.4298696844993141,0.1291074058068773,0.0876288659786286
cvc_clinicdb,cvc_80.jpg,0.8847894187264713,0.3158861340676299,0.1875681570335786,0.1972880527730271,0.1496500650176263,0.0483091787431834
cvc_clinicdb,cvc_81.jpg,0.908679049899742,0.7906106298787345,0.6537271199923479,0.7489946694098943,0.0579562494091495,0.0615796519402733
cvc_clinicdb,cvc_82.jpg,0.951167158572644,0.9515561569675892,0.9075890552377192,0.960212201591512,0.0016463526137485,0.1906976744141698
cvc_clinicdb,cvc_83.jpg,0.8009955201593822,0.9205833260120704,0.852852608447259,0.8935373866755385,0.0138371208316968,0.04799999999936
cvc_clinicdb,cvc_84.jpg,0.9293002257336982,0.9527367506507796,0.9097395055568116,0.9910050164331432,0.0058678357003696,0.1511627906947449
cvc_clinicdb,cvc_85.jpg,0.922337100264549,0.971045775957595,0.9437210648134496,0.9745737801293356,0.0035497645479979,0.2322097378233668
cvc_clinicdb,cvc_86.jpg,0.9269363966551846,0.9489365366391552,0.9028346714715668,0.973322005097706,0.0056036973629968,0.0907297830356858
cvc_clinicdb,cvc_87.jpg,0.9649942550747108,0.9537796332183138,0.9116431523430076,0.9784660766961653,0.0033448363014285,0.1462522851892824
cvc_clinicdb,cvc_88.jpg,0.93078906652921,0.9536817102128328,0.9114642451742122,0.9672897196261684,0.0046510872467338,0.2655246252619802
cvc_clinicdb,cvc_89.jpg,0.9593609585621974,0.9642431466021412,0.930955120826753,0.9683284457478006,0.0037111914013981,0.2643923240881792
cvc_clinicdb,cvc_9.jpg,0.54469315519241,0.7080125772517532,0.5480026854640013,0.5809050394240658,0.0583206739738836,0.1493001555186734
cvc_clinicdb,cvc_90.jpg,0.9602561687700506,0.9630692004293984,0.9287690179790306,0.9727674624226348,0.0024713652790833,0.1484536082443617
cvc_clinicdb,cvc_91.jpg,0.9288719303395668,0.9603532167949536,0.923730282543034,0.9600847756976334,0.0041718478396124,0.1557377049148414
cvc_clinicdb,cvc_92.jpg,0.9312094395281046,0.931588613405726,0.8719381177463001,0.9308510638297872,0.0064250901547707,0.0732265446207499
cvc_clinicdb,cvc_93.jpg,0.952178798851352,0.940817105764362,0.8882480173013981,0.909356014580802,0.0039647491997095,0.1545454545419421
cvc_clinicdb,cvc_94.jpg,0.9428143071322096,0.9314071918510376,0.8716203073315082,0.975770020533881,0.007332301365042,0.0803382663830795
cvc_clinicdb,cvc_95.jpg,0.9298227640611312,0.9449225473312822,0.8955954322985398,0.9855705335105374,0.0062444628531946,0.1069958847714609
cvc_clinicdb,cvc_96.jpg,0.9093261455526584,0.9480623252088012,0.9012533232037576,0.994422310756972,0.0037534335457427,0.1604938271571915
cvc_clinicdb,cvc_97.jpg,0.8180053385102911,0.7376142066648596,0.5843017329243949,0.6115719618415595,0.0310681783734686,0.1223628691957307
cvc_clinicdb,cvc_98.jpg,0.969702912050216,0.9712002339062564,0.9440128836671616,0.955498380026682,0.0021367201619687,0.1214814814796817
cvc_clinicdb,cvc_99.jpg,0.960873882820284,0.971611662927926,0.9447906281144756,0.9957795114464766,0.0036288045520508,0.1355932203366848
cvc_colondb,1.png,0.8035013582861349,0.1974281391823092,0.1095258078048278,0.4471811713191023,0.1283053718362213,0.0
cvc_colondb,100.png,0.9305065524193769,0.8039559156263032,0.6721791664119898,0.755975648830503,0.0446948543482503,0.0668016194325222
cvc_colondb,101.png,0.9562420093207588,0.9238927787210822,0.8585508585501974,0.9471603743142948,0.0116432492566926,0.0684596577008745
cvc_colondb,102.png,0.9310041559606252,0.7237400228048521,0.5670788363946225,0.5775083642119653,0.0764666345787471,0.0515179392819547
cvc_colondb,103.png,0.800210627934559,0.8237116305264963,0.7002633468995212,0.7401318207433906,0.0142749386129603,0.0589341692786273
cvc_colondb,104.png,0.698618409399584,0.6898627428171615,0.5265576099259702,0.5645487840942697,0.0802536932744109,0.0028288543139828
cvc_colondb,105.png,2.944120591178548e-13,0.0,0.0,0.0,1.0,0.0
cvc_colondb,106.png,3.9252629926189653e-13,0.0,0.0,0.0,1.0,0.0
cvc_colondb,107.png,5.95096405617356e-13,0.0,0.0,0.0,1.0,0.0
cvc_colondb,108.png,0.7037567954994987,0.8917663935970056,0.804673661261204,0.8985808486238532,0.0061865906533502,0.0271270036988023
cvc_colondb,109.png,0.9504532717982692,0.8767038200072892,0.7804743180137745,0.8818754464575622,0.0262110361684643,0.0431499460621019
cvc_colondb,11.png,0.8808940383280859,0.5514643020457929,0.3807046680483165,0.6132208608634293,0.1482464237063188,0.0021563342317943
cvc_colondb,110.png,0.9509290138161146,0.8755428713237684,0.7786360626789766,0.8626635233208524,0.0293216518612151,0.0879326473331344
cvc_colondb,111.png,0.8600706140173167,0.9507137456176362,0.9060575621256468,0.9651927233429396,0.0057637612368409,0.0436507936503606
cvc_colondb,112.png,0.8951541850220536,0.9412220071880174,0.8889701274279878,0.9895489548954896,0.0087558896890997,0.099999999998913
cvc_colondb,113.png,0.6898493812489499,0.909069240852934,0.8332969193788993,0.8579230939552734,0.0080166052564214,0.0435897435891847
cvc_colondb,114.png,0.682982757860527,0.8838046958371906,0.7918011234602703,0.8789321970171701,0.0086129081093767,0.0873786407752851
cvc_colondb,115.png,1.4316392269127678e-12,0.0,0.0,0.0,1.0,0.0
cvc_colondb,116.png,2.4850894632145002e-12,0.0,0.0,0.0,1.0,0.0
cvc_colondb,117.png,0.7525503170666167,0.8718901453950954,0.7728769869672449,0.9468469885202077,0.0100979659410004,0.0075187969923398
cvc_colondb,118.png,0.7592261239097745,0.8249418636088773,0.7020434462438309,0.7135575942915392,0.0231379511913639,0.1544827586185588
cvc_colondb,119.png,0.9019971625014176,0.6123809523805358,0.441317776252141,0.66270783847981,0.0581326202091996,0.0167597765360787
cvc_colondb,12.png,0.7806596503589851,0.7262994143481303,0.5702277462457287,0.5980112597791913,0.0133611982705886,0.0074906367040263
cvc_colondb,120.png,0.8439945183679572,0.6481806225336211,0.479487595264732,0.5058590526489519,0.0567699106361227,0.0824468085095419
cvc_colondb,121.png,0.9545660581161016,0.925332052537184,0.8610399656208232,0.9142811676715524,0.0116822939888292,0.0630315157575636
cvc_colondb,122.png,0.956499263937434,0.9577842102274864,0.918988389570018,0.9978002539912916,0.0104468858611767,0.1109839816927289
cvc_colondb,123.png,0.7884051167703632,0.9086827601224752,0.8326476728475891,0.8557793943915936,0.0068416996526577,0.0310457516337332
cvc_colondb,124.png,3.025169409486017e-13,0.0,0.0,0.0,1.0,0.0
cvc_colondb,125.png,0.9452116481537144,0.8476544356710335,0.7355904877063847,0.8205744787675395,0.0350584585185056,0.0259740259738653
cvc_colondb,126.png,0.9137674141399252,0.747719530874752,0.597086315174311,0.7028457974851092,0.0572665992316202,0.0339702760082521
cvc_colondb,127.png,0.8359114139693635,0.9710845832055972,0.94379437547065,0.9710803636071113,0.0018219571537587,0.1505791505776971
cvc_colondb,128.png,0.8939647478804402,0.9675841339067108,0.9372038591077596,0.9955307262569832,0.0028777307657988,0.087248322146675
cvc_colondb,129.png,0.9578358408738076,0.9597732144090494,0.9226576624479096,0.9800936447523344,0.0057633098788046,0.0844884488443268
cvc_colondb,13.png,0.9010748535754,0.0,0.0,0.0,1.0,0.0
cvc_colondb,130.png,0.9631465732153848,0.7839284147730882,0.644640023084506,0.6636989900169303,0.0196488874513063,0.0414715719060771
cvc_colondb,131.png,0.6839561178598277,0.5983120327945028,0.4268510872554177,0.7053211612797105,0.0521663437667799,0.0150564617313041
cvc_colondb,132.png,0.939436338197106,0.9108677063394638,0.8363242111553489,0.9236312367823294,0.0133569664597466,0.0929152148653552
cvc_colondb,133.png,0.9396992156580772,0.9099231540257569,0.8347330350022468,0.9187127379960254,0.0117164408897177,0.0342612419696545
cvc_colondb,134.png,0.9601831253828674,0.9368427801997508,0.8811893130686441,0.9335482271262088,0.0063763462813216,0.0713536201461557
cvc_colondb,135.png,0.9474671083471524,0.9343533289794028,0.8767946772494006,0.9928730788299456,0.0103206504018758,0.0664589823461426
cvc_colondb,136.png,0.7446059578907032,0.7405618405997392,0.588009689139792,0.6088757093920957,0.0428411270103679,0.0414394765535284
cvc_colondb,137.png,0.7125415878878903,0.6944102654244018,0.5318747896330008,0.5682616985596471,0.0809010972127653,0.0270848182464213
cvc_colondb,138.png,2.7232373846020753e-13,0.0,0.0,0.0,1.0,0.0
cvc_colondb,139.png,0.7302657994058379,0.8917663935970056,0.804673661261204,0.8985808486238532,0.0061865906533502,0.0271270036988023
cvc_colondb,14.png,0.9307936075237908,0.9449077502653364,0.8955688476557033,0.997106295415086,0.0070676313096226,0.0687116564408747
cvc_colondb,140.png,0.9242227979274786,0.8716448085975709,0.7724915126363766,0.8601118313622643,0.0221907823793273,0.0135938827526457
cvc_colondb,141.png,0.932748829331487,0.96362034510154,0.9297947335679329,0.965826046550923,0.0023416046776095,0.1164205039086323
cvc_colondb,142.png,0.9624494064333788,0.9608446124613714,0.92463997587238,0.9881225904435532,0.0062879455343057,0.0650684931501278
cvc_colondb,143.png,0.9435511937078224,0.8809710258415031,0.787263820853243,0.8846179647145637,0.0245087847772649,0.0481400437631494
cvc_colondb,144.png,0.9644872502015408,0.9439789255386396,0.8939015975795092,0.9935193720494986,0.0093897012890577,0.0211416490484768
cvc_colondb,145.png,0.9571972989235866,0.9446552435727198,0.8951153050409005,0.9752018302784864,0.0099985732845871,0.0096618357487255
cvc_colondb,146.png,0.9450429067007654,0.875396088723594,0.7784039162108501,0.8879086349628377,0.0273328758054016,0.0504201680666972
cvc_colondb,147.png,0.9256594724220898,0.8657634566089836,0.7633006198342178,0.9804205946337926,0.0147947687578311,0.015837104072219
cvc_colondb,148.png,0.759108984513996,0.8493276716203647,0.7381142751702207,0.7742340532395781,0.0150326315348079,0.0127795527155188
cvc_colondb,149.png,0.9204512996286918,0.8887329434696124,0.79974740387286,0.8116965673117672,0.0147459040512318,0.0759689922474731
cvc_colondb,15.png,0.8654595858962725,0.9183147685076464,0.848966725043188,0.9794510274486276,0.008938532554161,0.0757180156648078
cvc_colondb,150.png,0.9108974836674588,0.2947149179899788,0.172824427480828,0.172824427480916,0.0855597233299646,0.0
cvc_colondb,151.png,0.9194437701564242,0.7463500439750456,0.595341658481412,0.5975832513699593,0.031079011532784,0.1242387332506182
cvc_colondb,152.png,8.227743952601427e-13,0.0,0.0,0.0,1.0,0.0
cvc_colondb,153.png,7.544322897014301e-13,0.0,0.0,0.0,1.0,0.0
cvc_colondb,154.png,8.41892574506784e-13,0.0,0.0,0.0,1.0,0.0
cvc_colondb,155.png,1.0011012113314637e-12,0.0,0.0,0.0,1.0,0.0
cvc_colondb,156.png,0.8869343953977835,0.8618771590837508,0.7572795555090469,0.8568166992824527,0.0167720560988675,0.0107382550334129
cvc_colondb,157.png,0.8797768479777687,0.8828103683486475,0.7902063744037243,0.9248949579831932,0.0086870431253089,0.038461538460866
cvc_colondb,158.png,0.8849978383053142,0.6740469973886819,0.5083490863260016,0.627017841971113,0.0954400560332977,0.0466257668705935
cvc_colondb,159.png,0.9125721169086968,0.9188164812318628,0.849824720116646,0.9190520882214922,0.0038004360139383,0.0366666666660555
cvc_colondb,16.png,0.963489287275914,0.9550335689988148,0.9139370803364416,0.9805657449209932,0.0076233544395403,0.0686619718303815
cvc_colondb,160.png,0.8430548860272412,0.7637900814513022,0.6178482068385172,0.758339376359681,0.1133439977164859,0.119551681194028
cvc_colondb,161.png,0.845053147996835,0.4290849673201212,0.2731433326397865,0.3438735177865613,0.2581493218790695,0.1164122137393472
cvc_colondb,162.png,0.8818001551858938,0.8331199317108884,0.7139722019011046,0.8060123329907503,0.0399528071721171,0.156334231803823
cvc_colondb,163.png,0.9032438792089736,0.9347872797588446,0.8775592536551915,0.9093333333333332,0.0037498048801665,0.1259600614419975
cvc_colondb,164.png,0.9259277085238842,0.9522731389236768,0.908894459330185,0.9870433687241316,0.0032801796789036,0.0577200577192248
cvc_colondb,165.png,0.9286851451198396,0.9373612068301794,0.8821070836629803,0.9127059685097034,0.00673274626432,0.0711462450583511
cvc_colondb,166.png,0.875033118431548,0.855615809781819,0.7476648289056601,0.9753823968687232,0.0433436072034305,0.0593692022257943
cvc_colondb,167.png,0.8986981058278489,0.8242822966502247,0.701088615321293,0.7614833544037084,0.0090057215429077,0.0064308681670991
cvc_colondb,168.png,0.8744036105739044,0.8119235233029064,0.68339331619467,0.990637159533074,0.0163375932912491,0.0060514372162473
cvc_colondb,169.png,0.9471418732782596,0.908627933624365,0.8325556074033033,0.9829167718589582,0.0101166021863581,0.0194986072420682
cvc_colondb,17.png,0.9235250950655064,0.953321328126388,0.9108061086406684,0.9604522015073385,0.0065006257719073,0.0428305400368451
cvc_colondb,170.png,0.9621184757088762,0.8152663561253637,0.6881431622546476,0.7721574888745456,0.0637049748539682,0.024408848207289
cvc_colondb,171.png,0.9557932331541296,0.7714421839044723,0.6279250140267619,0.8784918594687232,0.0555130804457695,0.029027576197247
cvc_colondb,172.png,0.9007412555015633,0.9225320440741384,0.8562036940406383,0.9061294470638662,0.0059307526483401,0.1081916537850356
cvc_colondb,173.png,0.9135318579418223,0.952482007750068,0.9092750814754608,0.9498066025006746,0.0036726708465411,0.1001430615150194
cvc_colondb,174.png,0.9293346714682512,0.959487296863722,0.9221293444776484,0.9798345983912994,0.0006176357115211,0.0943089430878974
cvc_colondb,175.png,0.8559624280518888,0.8436607652766834,0.7295962464497285,0.7308785370072902,0.0135372026794307,0.044943820224158
cvc_colondb,176.png,0.9049391191242168,0.9706829350954176,0.9430358906809726,0.9844632768361582,0.0014988982436124,0.1179422835618827
cvc_colondb,177.png,0.906109931587694,0.9563624250494356,0.916374082348211,0.96016976820111,0.0016081681516741,0.089314194575928
cvc_colondb,178.png,0.9092832254853724,0.5492967601985342,0.3786417132932767,0.4261051791238399,0.2292349513610729,0.0227100681300324
cvc_colondb,179.png,0.8322954459306697,0.8560209424080034,0.7482837528598411,0.8381586334108589,0.0125692344158048,0.0531914893609947
cvc_colondb,18.png,0.9307709670138552,0.9440765268576944,0.8940766550517456,0.97170837867247,0.0084289529569138,0.0853080568710271
cvc_colondb,180.png,0.8977403545703063,0.964767572025875,0.9319332991856286,0.9668578712555768,0.0047962393514605,0.1370499419263989
cvc_colondb,181.png,0.9520713265356624,0.9464830300044532,0.8984032122505383,0.9747450218552696,0.0039466615074968,0.0602409638545144
cvc_colondb,182.png,0.8772988339038827,0.9198712519052912,0.8516311166866879,0.8562893081761006,0.0019123912499684,0.0326264274056667
cvc_colondb,183.png,0.9082955539649182,0.905429071803132,0.8271999999987968,0.8721311475409836,0.005441850902661,0.03802281368749
cvc_colondb,184.png,0.9186665694070184,0.9554035567708924,0.914614981664596,0.975408728550196,0.0031008904797229,0.1254480286715869
cvc_colondb,185.png,0.8330509579045575,0.9587114337557182,0.9206971677539856,0.977124915900426,0.0020332407226403,0.1797752808948365
cvc_colondb,186.png,0.9397225725095336,0.9207664422567052,0.8531669865622525,0.9185295578738202,0.0040559116949941,0.1012048192746697
cvc_colondb,187.png,0.916155419222994,0.9490395923158084,0.9030212607219265,0.940292831336756,0.0022507810239198,0.1628392484308384
cvc_colondb,188.png,0.8956037962257057,0.8959844138966381,0.8115686274493891,0.836414231763069,0.0060616722763844,0.1310043668093667
cvc_colondb,189.png,0.9270342972428116,0.927714237421304,0.8651744430423862,0.8966659542637315,0.0030915078633185,0.0579710144918201
cvc_colondb,19.png,0.9428685153244148,0.8996582155790187,0.8176170607321197,0.9909607962624416,0.0169913156321487,0.0077896786756787
cvc_colondb,190.png,0.8858154606802393,0.961329379786903,0.9255382419401385,0.9529496923633732,0.0020533857681843,0.2057335581752827
cvc_colondb,191.png,0.929813690254914,0.9515418502198832,0.9075630252093908,0.964594807238395,0.0030158992379975,0.1100671140924823
cvc_colondb,192.png,0.9091994032819944,0.9541073657922824,0.9122421695942396,0.965547703180212,0.0029232577162034,0.1037463976930296
cvc_colondb,193.png,0.9030988686670344,0.9378244408879676,0.8829279047542566,0.9196074024125273,0.0048776981419088,0.0317880794697776
cvc_colondb,194.png,0.9128579188329662,0.9716821949963422,0.9449240208311728,0.974219711782171,0.0015859521899654,0.0989583333320448
cvc_colondb,195.png,0.8602475448893834,0.9451958068540844,0.896086508752939,0.9188118811881189,0.0021486411858988,0.0784929356345605
cvc_colondb,196.png,0.9371046228710844,0.8655781474631004,0.7630125826009205,0.77538742023701,0.0115870820509337,0.065573770490826
cvc_colondb,197.png,0.938655541860264,0.9716839642447144,0.944927367130888,0.964062684105102,0.0024191694890491,0.1334922526801729
cvc_colondb,198.png,0.8762697751874469,0.905429071803132,0.8271999999987968,0.8721311475409836,0.005441850902661,0.03802281368749
cvc_colondb,199.png,0.8585251918586039,0.9115519735477828,0.8374786405915725,0.9041810132808658,0.0067923814704136,0.0880121396041272
cvc_colondb,2.png,9.496676163252644e-12,0.0,0.0,0.0,1.0,0.0
cvc_colondb,20.png,0.9374248858264662,0.8030075187968857,0.6708542713566348,0.7652517089901102,0.0592655100497047,0.0938271604932479
cvc_colondb,200.png,0.9009009009010024,0.9601730750310156,0.9233970115359876,0.999410145497444,0.001973868937234,0.1779661016911448
cvc_colondb,201.png,0.910256410256523,0.9113549500666857,0.8371460928633361,0.8875959972073539,0.0052459858951798,0.0979020978998158
cvc_colondb,202.png,0.8111876640420722,0.8135854882281692,0.68575146389025,0.7996804889907619,0.0124083617806401,0.0066740823136076
cvc_colondb,203.png,0.9141742522757386,0.961329379786903,0.9255382419401385,0.9529496923633732,0.0020533857681843,0.2057335581752827
cvc_colondb,204.png,0.6030844155847377,0.7578564162959699,0.610119817256607,0.7670040677324756,0.0208076138988835,0.0057636887607238
cvc_colondb,205.png,0.6621995630012204,0.6147045137268382,0.4437353039968158,0.5280872244607727,0.0284508525272298,0.0158227848098762
cvc_colondb,206.png,0.9033326433452632,0.6008370795216232,0.4294261023699769,0.68521421107628,0.0190539755536672,0.0044943820223709
cvc_colondb,207.png,0.7336903602729627,0.5198460566370728,0.3512108040978335,0.4226526109340525,0.0345395260547552,0.0077519379843959
cvc_colondb,208.png,0.8767200224659457,0.0,0.0,0.0,1.0,0.0
cvc_colondb,209.png,0.8127329192549492,0.5325046195191226,0.3628663003658849,0.4677021696252465,0.2292649269282587,0.0061633281971315
cvc_colondb,21.png,0.9427767787153726,0.6761417772977393,0.5107357915695822,0.5516842027449917,0.1065812791365617,0.0558079169366917
cvc_colondb,210.png,0.8802880288029701,0.8410339660334408,0.7256761124870965,0.8515606936416185,0.0148516841036604,0.0226171243938187
cvc_colondb,211.png,1.485884101037911e-12,0.0,0.0,0.0,1.0,0.0
cvc_colondb,212.png,0.9304585030455026,0.9431878144014691,0.8924838559344301,0.9720430107526882,0.0066774013577553,0.0776942355879988
cvc_colondb,213.png,0.9182147165259678,0.934241728459768,0.8765981493248028,0.9903356308061132,0.0076207813373791,0.0260416666663275
cvc_colondb,214.png,0.9299820466786726,0.9233413186121636,0.8575989165126655,0.9300432204241632,0.0059500199344936,0.0366412213734863
cvc_colondb,215.png,0.9459842201092729,0.9315317035900824,0.8718384127260059,0.9663881325697118,0.0067396722978149,0.0875912408746337
cvc_colondb,216.png,0.9543524416136084,0.936026344675769,0.8797457906892705,0.9816409988688768,0.0069162713673549,0.0628571428562449
cvc_colondb,217.png,0.9098176972927686,0.9490919251182178,0.9031160267989968,0.9918744434550312,0.0024805754226547,0.1199442119927483
cvc_colondb,218.png,0.9604127442110764,0.9669409694142208,0.9359977898513048,0.9847061600188812,0.0042090808098365,0.1198347107425636
cvc_colondb,219.png,0.9591231390717369,0.952679985550876,0.9096359970280644,0.9825373216548228,0.0060083095410104,0.0804469273734028
cvc_colondb,22.png,0.9238095238095456,0.9097744360899626,0.8344827586202469,0.8563452866652351,0.0027498056589139,0.0241492864980883
cvc_colondb,220.png,0.9467241733415704,0.9555484489922628,0.9148805878743762,0.9683688724525926,0.0037164286572776,0.0715231788069997
cvc_colondb,221.png,0.8927071728511901,0.8499812006513556,0.7391020052305005,0.9187975951903808,0.0148091912540486,0.0051480051479388
cvc_colondb,222.png,8.281573498957945e-13,0.0,0.0,0.0,1.0,0.0
cvc_colondb,223.png,0.8856223279051325,0.8346441679771034,0.7162140052350161,0.8859223300970874,0.0142485446650608,0.007692307692209
cvc_colondb,224.png,0.7953349701860791,0.837197788595728,0.719982969059438,0.961638070573001,0.0102641790018141,0.0145190562610795
cvc_colondb,225.png,0.8301717699778489,0.6950572943377885,0.5326343381375291,0.6277839643652561,0.0094951904068781,0.0205128205122945
cvc_colondb,226.png,0.9281062020328033,0.8674934725844519,0.7659942363106085,0.7940610623170221,0.0101683134339499,0.052356020941723
cvc_colondb,227.png,0.9146156490788204,0.7223151773095143,0.565331265177353,0.5909184886545717,0.0558947360459809,0.0227272727271497
cvc_colondb,228.png,0.9577108603006644,0.8275001589420158,0.7057571608669352,0.7096274557756582,0.0553717609977688,0.0526315789470914
cvc_colondb,229.png,0.9300523767170809,0.9281889702895776,0.8660005771169867,0.9285368126747438,0.0053992600371986,0.0540540540535975
cvc_colondb,23.png,0.881667400557792,0.9094350125241,0.8339118007345682,0.886188251351777,0.0106148316114129,0.0243902439021686
cvc_colondb,230.png,0.9504260263361896,0.960398943971526,0.9238148984192852,0.9564468817752838,0.0044774869445451,0.1674418604631692
cvc_colondb,231.png,0.9084070488264204,0.9305488101013456,0.8701180744766185,0.9351503759398496,0.0038878992179344,0.1885521885490142
cvc_colondb,232.png,0.914200764547673,0.9084236157670508,0.832212595369952,0.8914030169536777,0.0123202438985179,0.0797011207960186
cvc_colondb,233.png,0.9176680017801776,0.9254377586752864,0.8612230386342372,0.9089583080102104,0.0099388970791784,0.0662721893483281
cvc_colondb,234.png,0.9634224943603112,0.9462504023169672,0.8979841172870356,0.9829278021539688,0.0079253930555994,0.0736842105253462
cvc_colondb,235.png,0.8503126628453294,0.8682087860803491,0.7671103781355081,0.9431347150259068,0.0135265334347157,0.0240963855417539
cvc_colondb,236.png,0.9414658140678944,0.9295442458434274,0.868363070807937,0.9190184593539226,0.0074387990715992,0.0638722554883845
cvc_colondb,237.png,0.9202000252132734,0.959167182912576,0.9215381828530598,0.9686621772098204,0.0079725144978282,0.0653188180399275
cvc_colondb,238.png,0.9571259609698474,0.9828100445782716,0.9662010908973212,0.987886901915782,0.0004848734301537,0.1769297484806858
cvc_colondb,239.png,0.9509218143352124,0.98174969732277,0.9641536022542874,0.9934745686958076,0.0019295025141088,0.2313060817524296
cvc_colondb,24.png,0.8953849608863467,0.8046312307344102,0.6731238521722124,0.7977239552359842,0.0474852050743204,0.0440636474905504
cvc_colondb,240.png,0.944244035187664,0.9688680143438898,0.9396159054530716,0.9657517155333748,0.0030989270646887,0.1622911694491373
cvc_colondb,241.png,0.9469951977021018,0.9420804832544452,0.8905029809380379,0.9790787623066104,0.0049761320822128,0.0644257703072209
cvc_colondb,242.png,0.9195941418589454,0.935281454678269,0.8784306977536965,0.969243257869577,0.0065489302705209,0.0200860832134851
cvc_colondb,243.png,0.9251947111031062,0.924296472452905,0.8592483419298249,0.9695550351288056,0.0092214092042957,0.0974842767280269
cvc_colondb,244.png,0.8082511676181835,0.5057349567669515,0.3384506376945847,0.7986669487939061,0.0967308790495058,0.0085378868729078
cvc_colondb,245.png,0.9195941418589454,0.935281454678269,0.8784306977536965,0.969243257869577,0.0065489302705209,0.0200860832134851
cvc_colondb,246.png,0.9251947111031062,0.924296472452905,0.8592483419298249,0.9695550351288056,0.0092214092042957,0.0974842767280269
cvc_colondb,247.png,0.8082511676181835,0.5057349567669515,0.3384506376945847,0.7986669487939061,0.0967308790495058,0.0085378868729078
cvc_colondb,248.png,0.9195941418589454,0.935281454678269,0.8784306977536965,0.969243257869577,0.0065489302705209,0.0200860832134851
cvc_colondb,249.png,0.9251947111031062,0.924296472452905,0.8592483419298249,0.9695550351288056,0.0092214092042957,0.0974842767280269
cvc_colondb,25.png,0.8448954234832031,0.2913414607924721,0.1705088840790833,0.2756521023615568,0.3015161997082086,0.0265734265732407
cvc_colondb,250.png,0.8082511676181835,0.5057349567669515,0.3384506376945847,0.7986669487939061,0.0967308790495058,0.0085378868729078
cvc_colondb,251.png,0.9195941418589454,0.935281454678269,0.8784306977536965,0.969243257869577,0.0065489302705209,0.0200860832134851
cvc_colondb,252.png,0.9251947111031062,0.924296472452905,0.8592483419298249,0.9695550351288056,0.0092214092042957,0.0974842767280269
cvc_colondb,253.png,0.8082511676181835,0.5057349567669515,0.3384506376945847,0.7986669487939061,0.0967308790495058,0.0085378868729078
cvc_colondb,254.png,0.9195941418589454,0.935281454678269,0.8784306977536965,0.969243257869577,0.0065489302705209,0.0200860832134851
cvc_colondb,255.png,0.9251947111031062,0.924296472452905,0.8592483419298249,0.9695550351288056,0.0092214092042957,0.0974842767280269
cvc_colondb,256.png,0.8082511676181835,0.5057349567669515,0.3384506376945847,0.7986669487939061,0.0967308790495058,0.0085378868729078
cvc_colondb,257.png,0.9195941418589454,0.935281454678269,0.8784306977536965,0.969243257869577,0.0065489302705209,0.0200860832134851
cvc_colondb,258.png,0.9251947111031062,0.924296472452905,0.8592483419298249,0.9695550351288056,0.0092214092042957,0.0974842767280269
cvc_colondb,259.png,0.8082511676181835,0.5057349567669515,0.3384506376945847,0.7986669487939061,0.0967308790495058,0.0085378868729078
cvc_colondb,26.png,0.90703517587947,0.9614529849023208,0.9257674144024118,0.9551992807911298,0.0022340242999672,0.2074074074035665
cvc_colondb,260.png,0.9195941418589454,0.935281454678269,0.8784306977536965,0.969243257869577,0.0065489302705209,0.0200860832134851
cvc_colondb,261.png,0.9251947111031062,0.924296472452905,0.8592483419298249,0.9695550351288056,0.0092214092042957,0.0974842767280269
cvc_colondb,262.png,0.8082511676181835,0.5057349567669515,0.3384506376945847,0.7986669487939061,0.0967308790495058,0.0085378868729078
cvc_colondb,263.png,0.9195941418589454,0.935281454678269,0.8784306977536965,0.969243257869577,0.0065489302705209,0.0200860832134851
cvc_colondb,264.png,0.6064916395554161,0.7223641510731738,0.5653912667525233,0.5892680785690771,0.0125415706087216,0.0549927641091896
cvc_colondb,265.png,0.1120439181791604,0.8090215219313388,0.6792914706933082,0.8953511835467598,0.0231046546843024,0.0421779141102677
cvc_colondb,266.png,0.8828543808771057,0.6878318114245657,0.5241948535357467,0.5459619172685489,0.0233514572842705,0.0432020330362998
cvc_colondb,267.png,0.9020618556702972,0.6655206286820592,0.4987118144994527,0.6,0.0195545766362257,0.0394366197171989
cvc_colondb,268.png,3.5014005602118297e-12,0.0,0.0,0.0,1.0,0.0
cvc_colondb,269.png,2.01775625504032e-12,0.0,0.0,0.0,1.0,0.0
cvc_colondb,27.png,1.7815784785288053e-12,0.0,0.0,0.0,1.0,0.0
cvc_colondb,270.png,6.05913717886206e-13,0.0,0.0,0.0,1.0,0.0
cvc_colondb,271.png,0.6064916395554161,0.7223641510731738,0.5653912667525233,0.5892680785690771,0.0125415706087216,0.0549927641091896
cvc_colondb,272.png,0.1120439181791604,0.8090215219313388,0.6792914706933082,0.8953511835467598,0.0231046546843024,0.0421779141102677
cvc_colondb,273.png,1.7850767582974205e-12,0.0,0.0,0.0,1.0,0.0
cvc_colondb,274.png,4.183750313779523e-13,0.0,0.0,0.0,1.0,0.0
cvc_colondb,275.png,3.722038188110426e-13,0.0,0.0,0.0,1.0,0.0
cvc_colondb,276.png,0.6282410852270184,0.9172951391086516,0.847225474127343,0.8561345724032466,0.0082849983003708,0.093306288031508
cvc_colondb,277.png,0.8173319920504901,0.8266467745594569,0.704516557023216,0.7365812447197972,0.0332897908333462,0.0851553509771558
cvc_colondb,278.png,6.842753524013385e-13,0.0,0.0,0.0,1.0,0.0
cvc_colondb,279.png,0.8325731384910862,0.8168464539817852,0.6903976721625021,0.7270264913787409,0.0261716379039097,0.0479616306948685
cvc_colondb,28.png,0.8690005819473997,0.3659677698838706,0.2239660657475902,0.46524145635505,0.2089538723413842,0.0047214353163138
cvc_colondb,280.png,0.7917709954659973,0.9528499418375522,0.9099459379390432,0.9595775397006306,0.0051594642452968,0.0664010624161168
cvc_colondb,281.png,0.8264462809918004,0.9302304232071374,0.8695614863117913,0.8857439626071151,0.0045223368657744,0.094691535149287
cvc_colondb,282.png,0.7953084470509781,0.9078518875884044,0.8312534511310532,0.97381264135222,0.0093587676397751,0.0364238410589996
cvc_colondb,283.png,1.1817257923470042e-13,0.0,0.0,0.1087787272437768,0.3660005811105256,0.0
cvc_colondb,284.png,0.8944469817048882,0.9131959335029608,0.8402581124363584,0.9521816211957056,0.0072698630099031,0.0199800199798203
cvc_colondb,285.png,0.884548395123189,0.8597813395603737,0.7540495252277959,0.8367386726974967,0.0163842566055312,0.0287769784170074
cvc_colondb,286.png,0.4692138537659096,0.7932497779530265,0.6573438011119327,0.6865143760662422,0.0169338787885535,0.0217222653217864
cvc_colondb,287.png,3.751782096494428e-13,0.0,0.0,0.0,1.0,0.0
cvc_colondb,288.png,0.7412909517190404,0.8027079303672544,0.6704361873986813,0.687496709660437,0.0386118283507836,0.1188340807161565
cvc_colondb,289.png,0.6718634912841329,0.9172951391086516,0.847225474127343,0.8561345724032466,0.0082849983003708,0.093306288031508
cvc_colondb,29.png,4.101554489149706e-13,0.0,0.0,0.0,1.0,0.0
cvc_colondb,290.png,0.7508957698273302,0.705831702543755,0.5453940603637903,0.5565031982942431,0.0505899664545056,0.0770218228488187
cvc_colondb,291.png,0.7470886005920315,0.7185883530782919,0.5607786965293569,0.5637312459230267,0.0458257983892592,0.1133896260541207
cvc_colondb,292.png,1.4337328668920354e-13,0.8025088998134597,0.6701585503962811,0.88958470137899,0.0142741279425456,0.0053134962805243
cvc_colondb,293.png,4.871157874224331e-13,0.0,0.0,0.0,1.0,0.0
cvc_colondb,294.png,4.183750313779523e-13,0.0,0.0,0.0,1.0,0.0
cvc_colondb,295.png,3.722038188110426e-13,0.0,0.0,0.0,1.0,0.0
cvc_colondb,296.png,0.6282410852270184,0.9172951391086516,0.847225474127343,0.8561345724032466,0.0082849983003708,0.093306288031508
cvc_colondb,297.png,0.8173319920504901,0.8266467745594569,0.704516557023216,0.7365812447197972,0.0332897908333462,0.0851553509771558
cvc_colondb,298.png,6.842753524013385e-13,0.0,0.0,0.0,1.0,0.0
cvc_colondb,299.png,0.8325731384910862,0.8168464539817852,0.6903976721625021,0.7270264913787409,0.0261716379039097,0.0479616306948685
cvc_colondb,3.png,0.7982584441648362,0.8754777960779155,0.7785331343609249,0.8559810820163802,0.0122730786494056,0.0540540540534453
cvc_colondb,300.png,0.7917709954659973,0.9528499418375522,0.9099459379390432,0.9595775397006306,0.0051594642452968,0.0664010624161168
cvc_colondb,301.png,1.0825556974905189e-13,0.0,0.0,0.0,1.0,0.0
cvc_colondb,302.png,6.591870904799765e-14,0.0,0.0,0.0,1.0,0.0
cvc_colondb,303.png,0.6314580837236489,0.4289002557544518,0.2729936513104153,0.6428871554102195,0.1935295234371513,0.0015754233950312
cvc_colondb,304.png,0.8483370594130573,0.7315474263515277,0.5767243029413116,0.6576970254523152,0.0620623469567136,0.0055732484076211
cvc_colondb,305.png,0.8472619836398325,0.3038896157963361,0.179168536804292,0.231073363596427,0.1624112538945301,0.0042712226374571
cvc_colondb,306.png,0.5898718330487454,0.7415883894786545,0.5893051075485729,0.9781104363790424,0.0606350096184555,0.0058139534883382
cvc_colondb,307.png,0.6849216017605466,0.381680932803063,0.2358502353087677,0.330225260562591,0.1122600044847855,0.0057803468207674
cvc_colondb,308.png,0.7222468638757308,0.2843630853455513,0.1657478239810582,0.288469713907827,0.1378036906413248,0.0022740193291513
cvc_colondb,31.png,0.8806905192816787,0.9009220755737658,0.8197071886818995,0.9272896219292642,0.0149848640566433,0.0212264150940893
cvc_colondb,310.png,5.5173022598867024e-14,0.0,0.0,0.0,1.0,0.0
cvc_colondb,311.png,8.635802309212794e-14,0.0,0.0,0.0,1.0,0.0
cvc_colondb,312.png,0.8762669003006772,0.9373555116999752,0.8820969967100837,0.9992559859313704,0.0152710916071035,0.0205047318611178
cvc_colondb,314.png,1.0589742775146873e-13,0.0,0.0,0.0,1.0,0.0
cvc_colondb,315.png,0.6503789635040971,0.2191035495292888,0.123029920954347,0.9788088524310006,0.156888169178671,0.002830856334021
cvc_colondb,316.png,1.935096851597048e-13,0.0,0.0,0.0,1.0,0.0
cvc_colondb,317.png,1.1114568977013837e-13,0.0,0.0,0.0,1.0,0.0
cvc_colondb,318.png,0.6522794453389937,0.5524188446343578,0.3816151119312017,0.6568986000139766,0.0718496137660193,0.0049833887042982
cvc_colondb,319.png,1.1319772246181128e-13,0.0,0.0,0.0,1.0,0.0
cvc_colondb,32.png,0.9538159187684327,0.9511304316839868,0.9068147846171672,0.9591273996509598,0.0095768770543018,0.077617328519155
cvc_colondb,320.png,1.2020097603191093e-13,0.0,0.0,0.0,1.0,0.0
cvc_colondb,321.png,0.9503992346469472,0.484377222511926,0.3195895639116161,0.3212263205372356,0.0866471967017152,0.0720545277503794
cvc_colondb,322.png,7.408175662660765e-14,0.0,0.0,0.0,1.0,0.0
cvc_colondb,323.png,1.26694539465333e-13,0.0,0.0,0.0,1.0,0.0
cvc_colondb,324.png,2.547640884540266e-13,0.0,0.0,0.0,1.0,0.0
cvc_colondb,325.png,1.9370835270413114e-13,0.0,0.0,0.0,1.0,0.0
cvc_colondb,326.png,0.8862812033283671,0.7497053706716847,0.5996229633286055,0.8596326445418493,0.0697034460643355,0.0165669581223351
cvc_colondb,327.png,0.8957096397115961,0.588972219287991,0.417406536808789,0.865124709405414,0.1568232101895776,0.0143597925807165
cvc_colondb,328.png,0.9017621145374524,0.7340559055750548,0.5798485958485392,0.7270921652588977,0.1293400091804994,0.0275722932077082
cvc_colondb,329.png,0.9126736551924342,0.8763707451315265,0.779946536043252,0.8652696485023006,0.0352293480864923,0.0628322861282608
cvc_colondb,33.png,0.9166532010471136,0.93278455346036,0.8740358439196494,0.9941460470730236,0.0105895152991704,0.0558789289865439
cvc_colondb,330.png,0.9134811861450328,0.6067161610698231,0.4354576893217148,0.4478364773478415,0.1249931634113618,0.0808678500982205
cvc_colondb,331.png,0.9648907811453789,0.9324614563810084,0.873468655492225,0.8856715378364783,0.0131866842538262,0.0415745245464768
cvc_colondb,332.png,0.8310422358146251,0.8339384674182659,0.7151753523434339,0.7283058813566499,0.0528757569983821,0.0260038240916787
cvc_colondb,333.png,0.9673255027752908,0.958639642205504,0.9205647545829508,0.9238641075765652,0.0030385768795978,0.0042964554242518
cvc_colondb,334.png,0.9697525623142724,0.9086138613860744,0.8325319785901126,0.8364590368330822,0.0310838190271222,0.0240427426534993
cvc_colondb,335.png,9.302239048938217e-14,0.0,0.0,0.0,1.0,0.0
cvc_colondb,336.png,0.9099771444563688,0.8784963041182311,0.7833200259117504,0.8444075692772727,0.0198908385198989,0.0168653678394391
cvc_colondb,337.png,0.8827675075581165,0.8275184989909264,0.70578384245614,0.7129688023108246,0.0115248939670528,0.0185449358059253
cvc_colondb,338.png,0.9635566965089613,0.9674373007271196,0.93692838353388,0.9814747159723768,0.0044765198283388,0.0555782590925395
cvc_colondb,339.png,0.945159279282965,0.9566932327472086,0.9169817188729148,0.98620439646752,0.0067735753317457,0.0760626398207454
cvc_colondb,34.png,0.9579778664060754,0.6455079441500924,0.4765682761757162,0.5892326997826952,0.0938379253881976,0.0015432098765313
cvc_colondb,340.png,1.263743207380101e-13,0.0,0.0,0.0,1.0,0.0
cvc_colondb,341.png,8.006405124035178e-12,0.0,0.0,0.0,1.0,0.0
cvc_colondb,342.png,1.1682242990517728e-11,0.0,0.0,0.0,1.0,0.0
cvc_colondb,343.png,2.774694783566108e-12,0.0,0.0,0.0,1.0,0.0
cvc_colondb,344.png,3.285151116940588e-12,0.0,0.0,0.0,1.0,0.0
cvc_colondb,345.png,4.357298474926548e-12,0.0,0.0,0.0,1.0,0.0
cvc_colondb,346.png,1.7409470752058828e-12,0.0,0.0,0.0,1.0,0.0
cvc_colondb,347.png,1.4602803738296434e-12,0.0,0.0,0.0,1.0,0.0
cvc_colondb,348.png,1.893580761215881e-12,0.0,0.0,0.0,1.0,0.0
cvc_colondb,349.png,2.402691013929835e-12,0.0,0.0,0.0,1.0,0.0
cvc_colondb,35.png,0.8781506753934204,0.842365287835884,0.7276607024517621,0.9789281918931227,0.0251891405730216,0.0485883125407184
cvc_colondb,350.png,2.278942570642027e-12,0.0,0.0,0.0,1.0,0.0
cvc_colondb,352.png,4.271678769738268e-12,0.0,0.0,0.0,1.0,0.0
cvc_colondb,355.png,7.173601147724724e-12,0.0,0.0,0.0,1.0,0.0
cvc_colondb,356.png,7.51314800895933e-12,0.0,0.0,0.0,1.0,0.0
cvc_colondb,357.png,8.038585208938597e-12,0.0,0.0,0.0,1.0,0.0
cvc_colondb,358.png,8.718395815093999e-12,0.0,0.0,0.0,1.0,0.0
cvc_colondb,359.png,8.396305625454271e-12,0.0,0.0,0.0,1.0,0.0
cvc_colondb,36.png,0.9434261264592616,0.922276752373594,0.8557639954457973,0.986752159398018,0.0118655324577398,0.0064585575887356
cvc_colondb,360.png,8.718395815093999e-12,0.0,0.0,0.0,1.0,0.0
cvc_colondb,361.png,1.0240655401935238e-12,0.0,0.0,0.0,1.0,0.0
cvc_colondb,362.png,1.3518994186814224e-12,0.0,0.0,0.0,1.0,0.0
cvc_colondb,363.png,1.9249278152032245e-12,0.0,0.0,0.0,1.0,0.0
cvc_colondb,364.png,0.7699155794324329,0.1165038966163272,0.0618551301523956,0.0787485367670533,0.2741035096094449,0.0435540069682617
cvc_colondb,365.png,0.8211382113823935,0.121125300984449,0.0644669391992523,0.098393036491463,0.2386500906686856,0.0293308890923067
cvc_colondb,366.png,0.792842173142362,0.0492907520405607,0.0252681182970357,0.083175965665236,0.2486370837863066,0.0158870255956232
cvc_colondb,367.png,0.7638530927838856,0.061833412496195,0.0319030432651464,0.136861224289431,0.2371243745308653,0.0
cvc_colondb,368.png,0.8043755697359993,0.1595297266296312,0.0866787847311936,0.136617958607203,0.1970017490767978,0.0
cvc_colondb,369.png,0.8103827540699288,0.1861682242987174,0.1026380873864331,0.6558341070875889,0.14352510511785,0.0
cvc_colondb,37.png,0.8931068931069237,0.912153348834313,0.8384944218533841,0.8897224306076519,0.0100029207342409,0.0763358778617629
cvc_colondb,370.png,0.7701833769950698,0.0,0.0,0.0916623511134127,0.4620717515595832,0.0
cvc_colondb,371.png,5.770340450053259e-12,0.0,0.0,0.0,1.0,0.0
cvc_colondb,372.png,5.558643690908512e-12,0.0,0.0,0.0,1.0,0.0
cvc_colondb,374.png,4.8449612402866046e-12,0.0,0.0,0.0,1.0,0.0
cvc_colondb,375.png,4.8638132295483284e-12,0.0,0.0,0.0,1.0,0.0
cvc_colondb,376.png,4.415011037508102e-12,0.0,0.0,0.0,1.0,0.0
cvc_colondb,377.png,3.951007506898653e-12,0.0,0.0,0.0,1.0,0.0
cvc_colondb,378.png,4.317789291863913e-12,0.0,0.0,0.0,1.0,0.0
cvc_colondb,379.png,5.027652086450339e-12,0.0,0.0,0.0,1.0,0.0
cvc_colondb,38.png,0.9044370661032488,0.8625195516161265,0.7582719798319082,0.787355485017036,0.0394627672811668,0.0412087912085081
cvc_colondb,39.png,0.8171906425322142,0.9436582578878934,0.8933266766502025,0.963583016914049,0.0021524356290849,0.110671936756706
cvc_colondb,4.png,0.8416697657122343,0.5328982817456347,0.363231993470572,0.5352022058823529,0.2102807997610684,0.0090361445782452
cvc_colondb,40.png,0.9082223047932968,0.9207760288652822,0.8531834480077011,0.8849679645145392,0.0073657584265516,0.1027900146827784
cvc_colondb,41.png,0.9118637839162664,0.9630134651434789,0.9286653517412572,0.9967101531480432,0.000485602831207,0.1496815286600369
cvc_colondb,42.png,0.926999650716096,0.9050850041923418,0.8266258181300283,0.8632102272727272,0.0062583635958952,0.129629629627229
cvc_colondb,43.png,0.9254690310974522,0.9466362873240516,0.898679417121017,0.9748963883955004,0.0026667251843124,0.1109350237700327
cvc_colondb,44.png,0.8560090702949886,0.6525004266934182,0.4842305256485317,0.5155199172271081,0.0526844177116559,0.0225035161740857
cvc_colondb,45.png,0.8943955534970383,0.9000248077396428,0.8182228236349284,0.8677890184570237,0.0076967841444911,0.0482573726535086
cvc_colondb,46.png,0.91791437815069,0.8860134729534542,0.7953538498373902,0.8539631507357487,0.0117326025852155,0.1342281879172109
cvc_colondb,47.png,0.8997591254401521,0.879811733063641,0.7854141656650879,0.9362082994304312,0.0105009775308878,0.0454545454536845
cvc_colondb,48.png,0.9238518125787502,0.902876441131418,0.8229487315562859,0.8726420237705812,0.0105997962295271,0.188197767142134
cvc_colondb,49.png,0.9453069422940348,0.9675448955487366,0.93713023585948,0.9788074133763094,0.0020554354467051,0.1443569553786829
cvc_colondb,5.png,1.2898232942070297e-12,0.0,0.0,0.0,1.0,0.0
cvc_colondb,50.png,0.8561713702824615,0.9129433440796668,0.8398305084722039,0.9593862815884476,0.0055663920678966,0.1606217616538699
cvc_colondb,51.png,0.9346996182440532,0.7584985835680622,0.6109526525938079,0.8475629702322538,0.0112708934457551,0.0399999999991111
cvc_colondb,52.png,0.9402058487175786,0.9363433312053794,0.8803059846994445,0.9911054637865312,0.0030383408197824,0.1273408239676527
cvc_colondb,53.png,0.8478238070269031,0.947397873530174,0.9000531632094629,0.9687844289386706,0.0028661494223138,0.1402805611194332
cvc_colondb,54.png,0.9185262065387456,0.9453176470579338,0.8963055505962944,0.9445461200585652,0.0023402214184037,0.1616161616128966
cvc_colondb,55.png,0.9080411209690072,0.8075265426250314,0.6771861777138978,0.6837168141592921,0.0035040549594434,0.0712871287114596
cvc_colondb,56.png,0.837397200981334,0.8607888631079392,0.7556008146622413,0.9556339803377868,0.0034226586340824,0.0926315789454182
cvc_colondb,57.png,0.9370671788909988,0.8988859516612071,0.8163422790012721,0.9406375961890804,0.0086614949695021,0.0840336134442012
cvc_colondb,58.png,0.8915702343203511,0.8890688829409462,0.8002916376080642,0.8278725458641777,0.0120458481831722,0.0803897685739294
cvc_colondb,59.png,0.941487638993878,0.90704254334024,0.8298973924495623,0.9719009941164536,0.0032444881011064,0.0982264665743761
cvc_colondb,6.png,0.807648874501387,0.7977134146335383,0.6634968936215754,0.6855087358684481,0.0181505672024505,0.0347222222216194
cvc_colondb,60.png,0.890575916230462,0.9632032919197884,0.9290184704611066,0.9825855036084092,0.0013897560368787,0.1320754716956212
cvc_colondb,61.png,0.9202836637047505,0.3744825302200801,0.230377425762629,0.9894580793938396,0.3279510639864905,0.0
cvc_colondb,62.png,0.9531742822482868,0.9484536082473136,0.9019607843135284,0.9984152139461172,0.009123087821838,0.0639332870044202
cvc_colondb,63.png,0.947826319734454,0.9137504604534924,0.8411975583759227,0.9886455798864558,0.0231997827885147,0.034805890227344
cvc_colondb,64.png,0.9434151226840344,0.9416917372138892,0.8898085466466867,0.9658625147855748,0.0120627149256031,0.0471628592479943
cvc_colondb,65.png,0.9338930368186732,0.9606058288073188,0.9241978216070286,0.9938687734496536,0.0053936312161813,0.0675453047770383
cvc_colondb,66.png,0.9394487846228002,0.9589132169131818,0.9210694367572392,0.9657590938793292,0.0054278670413757,0.0854021847062025
cvc_colondb,67.png,0.9452490087455512,0.942882750753431,0.8919377215965819,0.9688251965135556,0.00831614432276,0.1191011235941674
cvc_colondb,68.png,0.9376399538576584,0.9288083201851663,0.8670794757719928,0.9912162595370904,0.0099848477836529,0.0524433849814965
cvc_colondb,69.png,0.9076740640352884,0.7858540865217075,0.6472484713722654,0.653313992412408,0.0033618745840335,0.0063492063491055
cvc_colondb,7.png,0.9113352158128992,0.8780043096296386,0.7825380410684258,0.8196350475041472,0.0085588583103603,0.0844529750463636
cvc_colondb,70.png,0.8769401330378077,0.5949779121127703,0.4234651663074243,0.4239364343651713,0.006165367839396,0.0282828282822569
cvc_colondb,71.png,9.89707046713193e-13,0.1507402422609587,0.0815138282386343,0.8423662770102728,0.3529878789677132,0.0065897858318518
cvc_colondb,72.png,0.9233504682768954,0.9170124481326204,0.8467432950188845,0.9599521612848112,0.0179682205682185,0.0343417825017633
cvc_colondb,73.png,0.9474510830443206,0.9351335485761552,0.8781697905176539,0.9938227453020352,0.0078991368727379,0.0588235294110726
cvc_colondb,74.png,0.8801858612679718,0.0,0.0,0.0,1.0,0.0
cvc_colondb,75.png,3.952412948103256e-13,0.0,0.0,0.0,1.0,0.0
cvc_colondb,76.png,0.9447273263965896,0.8041670314275865,0.6724743777449134,0.6793590120552778,0.0293204556312276,0.036519871105945
cvc_colondb,77.png,0.8293889981601235,0.7728831442885961,0.6298366294060298,0.6899587651844422,0.0299021829819332,0.0592105263148156
cvc_colondb,78.png,0.942837422350541,0.7590582479737356,0.6116791918188842,0.6407876583469209,0.0268312775904035,0.1356521739106843
cvc_colondb,79.png,0.9142039063299784,0.781051929277459,0.6407589855854028,0.7868070733161137,0.0180574175251533,0.0460251046015475
cvc_colondb,8.png,0.8360932229378748,0.8469836196557354,0.7345807345797165,0.7391606448026682,0.0127966029894171,0.0954128440349465
cvc_colondb,80.png,0.8855341738555317,0.8123098944340449,0.6839409460660322,0.7782373528475979,0.008427867653203,0.0725388601017476
cvc_colondb,81.png,0.8267575905182225,0.6608969315486607,0.4935370152746958,0.573019801980198,0.0187058751854348,0.03342618384308
cvc_colondb,82.png,0.8553286425264195,0.8351467871056556,0.716954529429972,0.7842490842490842,0.0082619029008136,0.0955056179748453
cvc_colondb,83.png,0.8223976319688643,0.8108836206874707,0.6819211599425378,0.855072463768116,0.0019253388632587,0.0385852090019747
cvc_colondb,84.png,0.8172004954878478,0.8958539972209961,0.811354653248971,0.8823749066467513,0.0032813628972322,0.1091954022957127
cvc_colondb,85.png,0.8741174444637952,0.7821502541879455,0.6422387136652992,0.6849619289340102,0.0096004023404811,0.0279329608930744
cvc_colondb,86.png,0.9028281363308506,0.7652284263943206,0.619732785198288,0.6837606837606838,0.0106971994159981,0.08433734939505
cvc_colondb,87.png,0.8971162790699588,0.79936051158913,0.665778961382604,0.7096002733173898,0.0096529906925173,0.0988372092994524
cvc_colondb,88.png,0.91289198606292,0.8119402985054429,0.6834170854242738,0.7795484727755644,0.0065814747013912,0.0331125827803605
cvc_colondb,89.png,0.7924424972623427,0.7380878231057674,0.5848963474798377,0.6299492385786802,0.0060132367567283,0.0288808664249501
cvc_colondb,9.png,0.8973112562662181,0.9143494423785022,0.8422133954241307,0.9413972286374134,0.0065317112198942,0.071301247770565
cvc_colondb,90.png,0.9199582027169908,0.8928487690483169,0.8064379500177619,0.8880035413899956,0.0010134066445991,0.1197604790383305
cvc_colondb,91.png,0.9301093077180188,0.7295751633957126,0.5742765273274967,0.5896103896103896,0.0034669318794532,0.01619433198315
cvc_colondb,92.png,0.8595558335944337,0.0,0.0,0.0,1.0,0.0
cvc_colondb,93.png,0.8936336924584783,0.8053593179040128,0.6741435562792126,0.6796235679214403,0.0145914370816455,0.136150234738588
cvc_colondb,94.png,0.8184517917247704,0.902422760611464,0.8221952207338105,0.9152830991911453,0.0035473981575779,0.0797546012245474
cvc_colondb,95.png,0.8806665033081102,0.7272559852663653,0.5714079004477335,0.6001178724031236,0.0221106309734291,0.0199999999996
cvc_colondb,96.png,0.8882378162070257,0.7619535519119177,0.6154482758612201,0.6617480136208853,0.0216886066340774,0.0606060606049127
cvc_colondb,97.png,0.8266175454756108,0.7779135108715873,0.6365453818464127,0.6656266956049919,0.0233192479014487,0.098298676746724
cvc_colondb,98.png,0.9256594724220898,0.8657634566089836,0.7633006198342178,0.9804205946337926,0.0147947687578311,0.015837104072219
cvc_colondb,99.png,0.759108984513996,0.8493276716203647,0.7381142751702207,0.7742340532395781,0.0150326315348079,0.0127795527155188
etis_larib,1.png,9.514747859172678e-13,0.0,0.0,0.0,1.0,0.0
etis_larib,10.png,9.709680551500428e-13,0.0,0.0,0.0,1.0,0.0
etis_larib,101.png,4.096010485785166e-13,0.0,0.0,0.4864734299516908,0.1744542766729019,0.0
etis_larib,104.png,4.2245785982830363e-13,0.0,0.0,0.0,1.0,0.0
etis_larib,105.png,0.932020858146591,0.6897280522225036,0.5264006860502745,0.8881685848270288,0.0730333394217751,0.007578149668432
etis_larib,106.png,0.9552975619605292,0.7136087298063153,0.554736918961578,0.7821263904316995,0.0658629465941868,0.003856041131093
etis_larib,107.png,0.927564551301102,0.6519180882681092,0.4835893743508399,0.8361157331104259,0.0768092860975315,0.0126735063367149
etis_larib,108.png,0.8371976907473938,0.6576911342496359,0.4899700441760697,0.9736291561484364,0.0825072437095564,0.0150375939849152
etis_larib,109.png,0.9382175387375912,0.6964513922056834,0.5342734348695454,0.8117262777136799,0.0713907202117813,0.0040214477211661
etis_larib,11.png,0.3408762638422563,0.3155679088970193,0.187343800064022,0.2031102886269926,0.0403955873730084,0.0076775431861067
etis_larib,110.png,0.9370793093356836,0.9425753813407672,0.8913877781055551,0.9467156510690016,0.0043728756961243,0.0805270863830122
etis_larib,111.png,0.930394686953446,0.8199920472271516,0.694903831199009,0.7975367923318,0.0309429893605014,0.0220872446161121
etis_larib,112.png,0.8864076294792771,0.8992435703477634,0.8169323804284863,0.9712009542879052,0.0031235791796079,0.0274977085240376
etis_larib,113.png,0.9782548644511057,0.9740495209299226,0.9494118291292208,0.9962073324905184,0.0018396153976443,0.0497011638878587
etis_larib,114.png,0.97571677689589,0.968449010421528,0.9388280562042508,0.9982440477658469,0.0037569141172655,0.0248911014311608
etis_larib,115.png,0.973636908328341,0.9692786187261916,0.9403885825365504,0.9933824091291168,0.0029899575733009,0.0387811634347836
etis_larib,116.png,0.973564980846964,0.970961643825658,0.9435621500401636,0.9853405178002852,0.0065768146972698,0.0322410147990691
etis_larib,117.png,0.974513098543349,0.9642561594641657,0.9309793809300518,0.9994484621371834,0.0064112971740593,0.0275199999999119
etis_larib,118.png,0.9747458910034608,0.9708016675425266,0.9432600470936348,0.9865041028609138,0.0045729673367707,0.0413793103446916
etis_larib,119.png,0.9526589367831528,0.9716519703873694,0.9448668567521658,0.9705863719109143,0.006269473648071,0.0748394303265154
etis_larib,12.png,9.58956655158267e-13,0.0,0.0,0.0,1.0,0.0
etis_larib,120.png,0.9490378974661964,0.9666459413910824,0.935445052291529,0.9831270178626474,0.0048678748333466,0.0629139072845946
etis_larib,121.png,0.8776493256262463,0.0,0.0,0.2447488723174825,0.6127716532133608,0.0
etis_larib,122.png,0.9355284879311402,0.3339904656079666,0.2004733218587777,0.6978456669912366,0.1634319604851054,0.0769230769224045
etis_larib,123.png,0.8959727307158843,0.0,0.0,0.1216327556592048,0.6656802396388224,0.0
etis_larib,124.png,0.9760747363575328,0.9633257879008368,0.9292464080399924,0.9552486372047276,0.005337225533878,0.0645161290320011
etis_larib,125.png,0.9735795050414058,0.973228455116221,0.9478529668704264,0.9977944723964436,0.0016555063485193,0.1062012625320972
etis_larib,126.png,0.8938742444070873,0.0,0.0,0.2512525514937836,0.6387061730675538,0.0
etis_larib,127.png,0.9133033795663554,0.85842562107125,0.7519664394332273,0.8283473184968989,0.0064842996089385,0.0068181818181043
etis_larib,128.png,0.8953339041096451,0.4469222684274444,0.287765550520718,0.305551412463085,0.1170217027430826,0.023904382469929
etis_larib,129.png,0.9215979491562052,0.4402465500460559,0.2822539357480218,0.33115200637789,0.1129663084629676,0.025083612039924
etis_larib,13.png,0.5760864012843743,0.1670513265660253,0.0911380274784561,0.8187255065842016,0.1429515135187384,0.0018648018647931
etis_larib,130.png,0.8906544681193007,0.5154427784184469,0.3472030386739332,0.4191573204001212,0.1051002755286767,0.0351145038165258
etis_larib,131.png,0.90783704058044,0.85842562107125,0.7519664394332273,0.8283473184968989,0.0064842996089385,0.0068181818181043
etis_larib,132.png,0.9002410143561248,0.4761904761903452,0.3124999999998871,0.4035135135135135,0.1239748099651419,0.0096308186195053
etis_larib,133.png,0.9471447885147836,0.9516116480675862,0.9076900237526996,0.9716153185221554,0.0028160421486066,0.0277992277990131
etis_larib,134.png,0.9310094114795956,0.8624353144109961,0.7581417789569017,0.9478446794700468,0.0191693239615488,0.0344115622846909
etis_larib,135.png,0.8169541382538589,0.8334199584195974,0.7144130095784402,0.7536077776089929,0.0055119089940575,0.0359712230211514
etis_larib,136.png,0.9273623312620608,0.94243609153577,0.891138666886197,0.9407487264041262,0.002084375974069,0.0383877159306565
etis_larib,137.png,0.950271302863424,0.7532700289270606,0.6041966154698232,0.659526729108508,0.0549387195080197,0.0194647201945288
etis_larib,138.png,0.8811752360965871,0.8263457990940691,0.7040794455949817,0.8373132028963179,0.0081927373707064,0.0460829493082248
etis_larib,139.png,6.109481915929796e-13,0.0,0.0,0.0,1.0,0.0
etis_larib,14.png,0.8907552900424263,0.4182409203852736,0.2644150590159064,0.2650003229348318,0.0988628226111012,0.0061592608886662
etis_larib,140.png,0.9594415992070215,0.9389108633980826,0.8848557873327171,0.9762337149624952,0.0024635619308765,0.0672478206716407
etis_larib,141.png,0.8704805942250625,0.7771959820470308,0.6355850738437161,0.6437730546284911,0.0077099132565566,0.0699865410488561
etis_larib,142.png,0.9234709433502276,0.91096696499414,0.8364915807987753,0.9097323855320928,0.0036661743914439,0.0339321357282042
etis_larib,143.png,0.9620345519451854,0.9693579017602604,0.9405378486051093,0.975162206001622,0.0010344716631802,0.2154131847705161
etis_larib,144.png,0.9472918056650856,0.7917831190606512,0.6553319454079023,0.6596509537890648,0.0100871939067894,0.0104058272631591
etis_larib,145.png,0.9679779983259672,0.9047737691845464,0.826106738249772,0.9353843186421062,0.0027318656627227,0.1274336283174563
etis_larib,147.png,5.229305025359394e-13,0.0,0.0,0.0,1.0,0.0
etis_larib,149.png,7.161784716746285e-13,0.0,0.0,0.0,1.0,0.0
etis_larib,15.png,0.8871738172772159,0.563140500972878,0.3919245419292372,0.4002075855209099,0.0264328696454982,0.0030921459492792
etis_larib,150.png,2.0102522866615722e-13,0.0,0.0,0.0,1.0,0.0
etis_larib,152.png,7.287036362306138e-13,0.0,0.0,0.0,1.0,0.0
etis_larib,153.png,0.7968316050681505,0.9341732118818942,0.8764775123839138,0.9090614240806348,0.0033256460650101,0.0795533845074699
etis_larib,154.png,0.0014771631297572,0.8011001441721015,0.6681960467990073,0.6858302017312619,0.0308225622139333,0.0521739130433556
etis_larib,155.png,5.184033177809651e-13,0.0,0.0,0.0,1.0,0.0
etis_larib,156.png,0.0003635302615504,0.8515960314892469,0.7415474474488226,0.857897768539157,0.0281097349079364,0.011309264897757
etis_larib,157.png,0.0017133066819379,0.8611759600977023,0.7561975598720101,0.9571011544075368,0.039875445176119,0.0169265033407195
etis_larib,158.png,0.8480606770673219,0.0,0.0,0.0,1.0,0.0
etis_larib,159.png,0.953771596801822,0.9207400252180096,0.8531216266071556,0.9423804067602406,0.028462630301511,0.0474806201548087
etis_larib,16.png,9.01908438255267e-14,0.0,0.0,0.0,1.0,0.0
etis_larib,160.png,0.9208888182215748,0.7366816872452137,0.5831322793372709,0.679912453315128,0.1730915266179115,0.0217478856221435
etis_larib,161.png,7.417077078264448e-14,0.4225706079463757,0.2678855928988614,0.2887186225701577,0.2485643501037634,0.0145735105014689
etis_larib,162.png,0.9650133593953226,0.9106887481011514,0.8360225293860422,0.9358100839130746,0.0358468733479315,0.0397672162946665
etis_larib,163.png,0.9418471885508766,0.7874511764521583,0.6494181192210684,0.7107134075285716,0.1379094671549787,0.0323574730353144
etis_larib,164.png,7.922109816285649e-14,0.3211629115807113,0.1913008199521626,0.2984112454036274,0.2875861860870183,0.0141342756183468
etis_larib,165.png,0.905874921036036,0.7463540956791787,0.595346814524573,0.634075723830735,0.0133669574736599,0.0076555023922712
etis_larib,166.png,0.9074495852105688,0.9014953239867136,0.8206567925213001,0.8437682495773782,0.0063629291312913,0.0162481536187869
etis_larib,167.png,0.941230312786046,0.91355104297857,0.8408596069557923,0.9496870414183464,0.0055635745688004,0.0177252584932221
etis_larib,168.png,6.172458490212843e-13,0.0,0.0,0.0,1.0,0.0
etis_larib,169.png,0.905778894472421,0.505533110837427,0.3382698636573363,0.3382698636577338,0.0086897392124456,0.0
etis_larib,17.png,0.540833247729074,0.59579020700632,0.4242885998794637,0.4655063444990033,0.0131367991958054,0.0267737617134012
etis_larib,170.png,0.8531053973944626,0.0,0.0,0.2796930045294413,0.3258481617345626,0.0
etis_larib,171.png,8.695954641899834e-14,0.0,0.0,0.0,1.0,0.0
etis_larib,172.png,0.9614739495634118,0.9722260218412396,0.945953139991894,0.9962723768519048,0.0020099121730509,0.0850923482846797
etis_larib,173.png,0.9454785521943644,0.9265131142842814,0.8630875016852709,0.8856944793179113,0.0162268367652036,0.04930662557766
etis_larib,174.png,0.9344897917970914,0.9318967874394528,0.8724782179106375,0.9828125743092216,0.0072301620688,0.0104041616646242
etis_larib,175.png,0.9409896053240062,0.9722260218412396,0.945953139991894,0.9962723768519048,0.0020099121730509,0.0850923482846797
etis_larib,176.png,0.9271610974565312,0.9333398863058948,0.8750115189678467,0.8946829313716361,0.0127717296743459,0.0638226402416398
etis_larib,177.png,0.913382735607507,0.7666378675609832,0.6215837566254202,0.6553718688023334,0.0809377701042119,0.0180451127819209
etis_larib,178.png,0.7534232124396124,0.7319870491679623,0.577270956647289,0.7620134263804494,0.0618474543501757,0.014965579167869
etis_larib,179.png,0.9858757431240612,0.938311637254548,0.8837919583371335,0.9304451305216312,0.020041266636757,0.0123404255318886
etis_larib,18.png,0.9076273773342066,0.9125017574633,0.8390834318359881,0.95174315283295,0.007008960415034,0.03477557622307
etis_larib,180.png,0.9492193400198278,0.9333514735015126,0.8750318875566704,0.9862249420821428,0.019627059766216,0.0263726761780666
etis_larib,181.png,0.9148739083021724,0.8656334741997926,0.7630985704458755,0.9675263477908392,0.04119411050454,0.0102344007923238
etis_larib,182.png,0.9539687248379036,0.8433470920708358,0.7291271964903789,0.7889261846442287,0.0585512788298361,0.0315523769456635
etis_larib,183.png,0.7341735709030847,0.7864675234455316,0.6480811503936966,0.8481191423802799,0.02470527278998,0.0274765003613342
etis_larib,184.png,0.9052864962239476,0.8727641128695965,0.7742515322958586,0.96254889178618,0.0097810440906705,0.0140077821010583
etis_larib,185.png,0.902151412095242,0.8890551663150655,0.8002694097474895,0.9920054200542006,0.014006096585441,0.013043478260775
etis_larib,186.png,0.9087319254370012,0.8902469112370442,0.8022026883740458,0.88014272970562,0.0077374670356282,0.018803418803258
etis_larib,187.png,0.926132275241067,0.9016665733533208,0.8209406647179973,0.930501513186338,0.0065951486703703,0.0341296928324733
etis_larib,188.png,0.8136273209549381,0.8365331625432556,0.7190004352611008,0.9448177973466196,0.0130084552826184,0.002830856334021
etis_larib,189.png,0.8643319386735968,0.9208921370966582,0.8533828440643515,0.9652320340745876,0.0022355490469762,0.0648929266705717
etis_larib,19.png,3.824969400243336e-13,0.0,0.0,0.0,1.0,0.0
etis_larib,190.png,0.868508464890361,0.905095342821195,0.8266430660303484,0.8761975527239384,0.0097234818856307,0.0360360360358331
etis_larib,191.png,7.955449482832496e-12,0.0,0.0,0.0,1.0,0.0
etis_larib,192.png,3.6775522212401894e-13,0.0235409514467787,0.0119106699751815,0.034581007767066,0.0535683727443096,0.0075949367087646
etis_larib,193.png,7.535795026318496e-12,0.0,0.0,0.0,1.0,0.0
etis_larib,194.png,2.2764005554412177e-13,0.8216670165860702,0.697313092438007,0.7216492361077642,0.0145156029285583,0.0536451169184756
etis_larib,195.png,7.468259895388588e-12,0.0,0.0,0.0,1.0,0.0
etis_larib,196.png,2.5819111306182176e-13,0.8586475164570828,0.7523070469796685,0.8042920772034012,0.0112766110985246,0.0148367952521154
etis_larib,2.png,0.9518559003849856,0.2252514337958397,0.1269201948294052,0.1562710235463719,0.0128231409110224,0.0155038759687518
etis_larib,20.png,5.503274448293708e-13,0.0,0.0,0.0,1.0,0.0
etis_larib,21.png,0.9570425282871676,0.9475930756461076,0.900405588102593,0.9323240690153504,0.0064460878834513,0.1025029797371722
etis_larib,22.png,5.163422316308585e-13,0.0,0.0,0.0,1.0,0.0
etis_larib,23.png,4.199210548415134e-13,0.5072093662827536,0.3397726076427309,0.3476465293588182,0.0209762530581767,0.0
etis_larib,24.png,0.8970936490851484,0.0,0.0,0.0,1.0,0.0
etis_larib,25.png,0.930830266789335,0.7666963306359024,0.6216606255872229,0.8103445045990146,0.0390816321285471,0.0345704117944353
etis_larib,26.png,0.9003821890684809,0.9111914075448426,0.8368701476631395,0.9700244897959184,0.0115895697955455,0.0428849902532023
etis_larib,27.png,0.9555665267835144,0.8406734329310659,0.7251394532055773,0.8683435262529833,0.0306473964802738,0.039955604883241
etis_larib,28.png,0.8488846246102304,0.4752421267030919,0.3116836679619824,0.5648482019252439,0.1884512650768593,0.0058201058200904
etis_larib,29.png,2.033636345148347e-13,0.0,0.0,0.0,1.0,0.0
etis_larib,3.png,1.0262725779956626e-12,0.0,0.0,0.0,1.0,0.0
etis_larib,30.png,0.9113869340123546,0.6990935896035056,0.537389610825604,0.5874144058247378,0.055304251632343,0.0603598374923948
etis_larib,31.png,2.551866690483438e-13,0.0,0.0,0.0,1.0,0.0
etis_larib,32.png,1.224604758813943e-13,0.0,0.0,0.0,1.0,0.0
etis_larib,33.png,1.3370771493513388e-13,0.0,0.0,0.0,1.0,0.0
etis_larib,34.png,9.850275807721649e-14,0.0,0.0,0.0,1.0,0.0
etis_larib,35.png,1.9214141608219968e-13,0.0,0.0,0.0,1.0,0.0
etis_larib,36.png,8.903926631636627e-13,0.0,0.0,0.0,1.0,0.0
etis_larib,37.png,0.8983642712736837,0.907097774332686,0.8299898682874604,0.9907417612697011,0.0074999315527214,0.0322307039861558
etis_larib,38.png,0.8803570311359762,0.8869928262560867,0.7969336111935705,0.8005787244197841,0.006502214628395,0.0502283105019008
etis_larib,39.png,0.8763379549046924,0.891013853132123,0.8034490382486961,0.9642574563968488,0.007991482069528,0.0150375939848367
etis_larib,4.png,9.91276764471658e-13,0.0,0.0,0.0,1.0,0.0
etis_larib,40.png,0.8953713907868751,0.8836746679801373,0.7915924172223425,0.8248228176318064,0.0115454704472581,0.0381303813035785
etis_larib,41.png,0.9233994941564804,0.8884968796060394,0.7993651689354871,0.8076018253450866,0.0155191849129219,0.0618892508139962
etis_larib,42.png,0.8825622775800978,0.9147861663361856,0.8429547596603664,0.9139850728006852,0.0063398314291562,0.0454545454541322
etis_larib,43.png,0.5179004880765333,0.6145410828847776,0.4435649987834817,0.7877832235256307,0.0701751729302293,0.0262773722626458
etis_larib,44.png,0.6002442098629667,0.8256757405539031,0.7031071136547553,0.73666657402518,0.0101470568953929,0.0393700787398474
etis_larib,45.png,0.589228612066659,0.0002446782481037,0.0001223540927443,0.6654441727791361,0.1496899155374824,0.0
etis_larib,46.png,0.5383131140633483,0.0,0.0,0.0,1.0,0.0
etis_larib,47.png,0.5703992488570001,0.0,0.0,0.0,1.0,0.0
etis_larib,48.png,0.6455544049116386,0.0,0.0,0.6719717504289657,0.1400208354436061,0.0
etis_larib,49.png,0.9446648155493962,0.9428419209983746,0.8918646508276127,0.990531379009961,0.0059224882190376,0.0621225194127513
etis_larib,5.png,1.1406410402633276e-12,0.0,0.0,0.0,1.0,0.0
etis_larib,50.png,0.957269931000092,0.9529717427643044,0.9101681221863924,0.999073962233764,0.0041445485953128,0.0657777777771931
etis_larib,51.png,0.9429797670141136,0.8987049322790016,0.8160437276258454,0.8341173269058819,0.0041503281772432,0.0248447204966739
etis_larib,52.png,0.966654234479846,0.9629254671536392,0.9285017003655353,0.9669673187302332,0.0056650499266382,0.0367038503057333
etis_larib,53.png,1.1203226529227869e-12,0.0,0.0,0.0,1.0,0.0
etis_larib,54.png,0.9550989566683266,0.0,0.0,0.5092651388327657,0.1803916290166849,0.0
etis_larib,55.png,0.9627159976376074,0.9410939691442816,0.8887417218539865,0.9657973174366618,0.0050917946674605,0.0446735395185165
etis_larib,56.png,0.9612455915357564,0.8433958422872299,0.7292000782316725,0.7306216724083934,0.00164492853788,0.0159716060335761
etis_larib,57.png,1.086602194935253e-12,0.0,0.0,0.0,1.0,0.0
etis_larib,58.png,1.1339154099091349e-12,0.0,0.0,0.0,1.0,0.0
etis_larib,59.png,0.0357961430095277,0.0,0.0,0.5231533408107675,0.2050105436499994,0.0
etis_larib,6.png,0.9141201756845556,0.359144054709641,0.2188760419465636,0.2196412556053811,0.0159912064894021,0.0229555236725544
etis_larib,60.png,2.613012803755911e-12,0.0,0.0,0.0,1.0,0.0
etis_larib,61.png,0.959275462699133,0.3269028208642483,0.1953878262069104,0.1965229101205068,0.0727151525297145,0.0
etis_larib,62.png,0.8681558188677722,0.4097672332966117,0.2576775185849518,0.498387451440299,0.2111478680420087,0.0057747834456022
etis_larib,63.png,0.9747229398797002,0.973984280970742,0.9492878743536752,0.9649870686688105,0.0044516039592082,0.0635332252834245
etis_larib,64.png,0.9875197806523134,0.9697547191509368,0.9412852814542634,0.974055035755404,0.0061248018041026,0.0223956565998561
etis_larib,65.png,0.9500953732866132,0.95988102568858,0.9228569513637044,0.9550028392958546,0.0008571517667821,0.1009296148731678
etis_larib,66.png,0.9877796533033466,0.9700250504062816,0.941794798785073,0.9719942359501283,0.0065609885111139,0.0348949919223428
etis_larib,67.png,0.9573460831880968,0.9670585692153182,0.9362182021111156,0.9834452860749844,0.0013921933680614,0.1435472739810659
etis_larib,68.png,0.9548109587702044,0.9253538921690108,0.8610777868415658,0.9128483353884094,0.0020437482820101,0.0816326530604311
etis_larib,7.png,1.023960679908843e-12,0.0,0.0,0.0,1.0,0.0
etis_larib,70.png,3.591954022975604e-12,0.0,0.0,0.0,1.0,0.0
etis_larib,71.png,1.2685525815028945e-12,0.0,0.0,0.0,1.0,0.0
etis_larib,72.png,1.6992353440922699e-12,0.0,0.0,0.0,1.0,0.0
etis_larib,74.png,1.4622020763248105e-12,0.0,0.0,0.0,1.0,0.0
etis_larib,75.png,0.8731283689359787,0.8796574297382095,0.7851682628936075,0.8169379359685208,0.0024350775672085,0.0271370420620469
etis_larib,76.png,0.8331729226821999,0.0,0.0,0.0,1.0,0.0
etis_larib,77.png,0.9059554413025858,0.0134757535522456,0.0067835837273783,0.1077183123326162,0.1273545535629434,0.0
etis_larib,78.png,0.81090100111261,0.0,0.0,0.0,1.0,0.0
etis_larib,79.png,0.8779739063700717,0.0,0.0,0.0,1.0,0.0
etis_larib,8.png,0.6739502185066585,0.8138336629538843,0.686104163924055,0.8426276672260848,0.012084089336146,0.0295138888886326
etis_larib,80.png,0.9138620851965508,0.8871967151919047,0.7972628471750991,0.9563312399591062,0.0052396728759579,0.0095579450417018
etis_larib,81.png,0.9768472126997532,0.9645335461758314,0.931496662797362,0.9551308530462002,0.0046981837678215,0.0709649502376851
etis_larib,82.png,0.960236386661044,0.9564144185234084,0.9164695598516772,0.9613998158137088,0.003082043414819,0.0926864590869465
etis_larib,83.png,0.9812660827470718,0.9741584658693864,0.949618857745872,0.9641536407566252,0.0028555525579982,0.0753098188747602
etis_larib,84.png,0.9817199403776096,0.9696079811733928,0.9410088232996662,0.9563994097393016,0.0040616054086832,0.0432900432898558
etis_larib,85.png,0.965956148380631,0.9613943707086776,0.9256587328191852,0.9457489329991192,0.004146222347931,0.0496894409935316
etis_larib,86.png,0.9703558723945356,0.9579995820852604,0.9193850267377222,0.9518992848791364,0.003626151988111,0.0884303610899894
etis_larib,87.png,0.4005826905761902,0.2645703959083491,0.1524523929317369,0.1558429643131294,0.1853871141813026,0.0105292324743404
etis_larib,88.png,0.6122217398168804,0.4219179613277958,0.2673612340729743,0.2757553720893756,0.1150138349243177,0.0174129353233108
etis_larib,89.png,2.552322613571842e-12,0.0,0.0,0.0,1.0,0.0
etis_larib,9.png,1.4600671630873704e-12,0.0,0.0,0.0,1.0,0.0
etis_larib,90.png,0.919106074913504,0.5604130808947675,0.3892874222857548,0.4102797499848292,0.0983390786507411,0.0103305785122899
etis_larib,91.png,0.8845813406157661,0.7130715030490131,0.5540878958997602,0.6457282512609849,0.0523826508524325,0.0412267471088927
etis_larib,92.png,2.440452948066566e-13,0.0,0.0,0.0,1.0,0.0
etis_larib,93.png,0.8480576319765103,0.9089024053079524,0.8330165969841422,0.9751535836177474,0.0043099147063539,0.064088397789347
etis_larib,94.png,0.8345575716301822,0.8472524285918344,0.7349852210548172,0.7566380133715377,0.0077315755055505,0.0499999999994565
etis_larib,95.png,0.8530484973131739,0.798475398474845,0.6645518514238498,0.7099182367579097,0.0088570861673965,0.0993377483427262
etis_larib,96.png,0.8127703398559473,0.8590586204601612,0.7529384382628267,0.7823926162584309,0.0049952685639596,0.038461538460922
etis_larib,97.png,0.8142088266954713,0.8497471707196205,0.7387481683059529,0.7755451047456178,0.0063537954586755,0.0175879396982715
etis_larib,98.png,0.8328059522792128,0.8764654652639926,0.7800965953128733,0.8272738401273105,0.0033567087724785,0.0213447171822695
etis_larib,99.png,4.5446282494071333e-13,0.0,0.0,0.0,1.0,0.0
cvc_300,149.png,0.9204512996286918,0.8887329434696124,0.79974740387286,0.8116965673117672,0.0147459040512318,0.0759689922474731
cvc_300,150.png,0.9108974836674588,0.2947149179899788,0.172824427480828,0.172824427480916,0.0855597233299646,0.0
cvc_300,151.png,0.9194437701564242,0.7463500439750456,0.595341658481412,0.5975832513699593,0.031079011532784,0.1242387332506182
cvc_300,152.png,8.227743952601427e-13,0.0,0.0,0.0,1.0,0.0
cvc_300,153.png,7.544322897014301e-13,0.0,0.0,0.0,1.0,0.0
cvc_300,154.png,8.41892574506784e-13,0.0,0.0,0.0,1.0,0.0
cvc_300,155.png,1.0011012113314637e-12,0.0,0.0,0.0,1.0,0.0
cvc_300,156.png,0.8869343953977835,0.8618771590837508,0.7572795555090469,0.8568166992824527,0.0167720560988675,0.0107382550334129
cvc_300,157.png,0.8797768479777687,0.8828103683486475,0.7902063744037243,0.9248949579831932,0.0086870431253089,0.038461538460866
cvc_300,158.png,0.8849978383053142,0.6740469973886819,0.5083490863260016,0.627017841971113,0.0954400560332977,0.0466257668705935
cvc_300,159.png,0.9125721169086968,0.9188164812318628,0.849824720116646,0.9190520882214922,0.0038004360139383,0.0366666666660555
cvc_300,160.png,0.8430548860272412,0.7637900814513022,0.6178482068385172,0.758339376359681,0.1133439977164859,0.119551681194028
cvc_300,161.png,0.845053147996835,0.4290849673201212,0.2731433326397865,0.3438735177865613,0.2581493218790695,0.1164122137393472
cvc_300,162.png,0.8818001551858938,0.8331199317108884,0.7139722019011046,0.8060123329907503,0.0399528071721171,0.156334231803823
cvc_300,163.png,0.9032438792089736,0.9347872797588446,0.8775592536551915,0.9093333333333332,0.0037498048801665,0.1259600614419975
cvc_300,164.png,0.9259277085238842,0.9522731389236768,0.908894459330185,0.9870433687241316,0.0032801796789036,0.0577200577192248
cvc_300,165.png,0.9286851451198396,0.9373612068301794,0.8821070836629803,0.9127059685097034,0.00673274626432,0.0711462450583511
cvc_300,166.png,0.875033118431548,0.855615809781819,0.7476648289056601,0.9753823968687232,0.0433436072034305,0.0593692022257943
cvc_300,167.png,0.8986981058278489,0.8242822966502247,0.701088615321293,0.7614833544037084,0.0090057215429077,0.0064308681670991
cvc_300,168.png,0.8744036105739044,0.8119235233029064,0.68339331619467,0.990637159533074,0.0163375932912491,0.0060514372162473
cvc_300,169.png,0.9471418732782596,0.908627933624365,0.8325556074033033,0.9829167718589582,0.0101166021863581,0.0194986072420682
cvc_300,170.png,0.9621184757088762,0.8152663561253637,0.6881431622546476,0.7721574888745456,0.0637049748539682,0.024408848207289
cvc_300,171.png,0.9557932331541296,0.7714421839044723,0.6279250140267619,0.8784918594687232,0.0555130804457695,0.029027576197247
cvc_300,172.png,0.9007412555015633,0.9225320440741384,0.8562036940406383,0.9061294470638662,0.0059307526483401,0.1081916537850356
cvc_300,173.png,0.9135318579418223,0.952482007750068,0.9092750814754608,0.9498066025006746,0.0036726708465411,0.1001430615150194
cvc_300,174.png,0.9293346714682512,0.959487296863722,0.9221293444776484,0.9798345983912994,0.0006176357115211,0.0943089430878974
cvc_300,175.png,0.8559624280518888,0.8436607652766834,0.7295962464497285,0.7308785370072902,0.0135372026794307,0.044943820224158
cvc_300,176.png,0.9049391191242168,0.9706829350954176,0.9430358906809726,0.9844632768361582,0.0014988982436124,0.1179422835618827
cvc_300,177.png,0.906109931587694,0.9563624250494356,0.916374082348211,0.96016976820111,0.0016081681516741,0.089314194575928
cvc_300,178.png,0.9092832254853724,0.5492967601985342,0.3786417132932767,0.4261051791238399,0.2292349513610729,0.0227100681300324
cvc_300,179.png,0.8322954459306697,0.8560209424080034,0.7482837528598411,0.8381586334108589,0.0125692344158048,0.0531914893609947
cvc_300,180.png,0.8977403545703063,0.964767572025875,0.9319332991856286,0.9668578712555768,0.0047962393514605,0.1370499419263989
cvc_300,181.png,0.9520713265356624,0.9464830300044532,0.8984032122505383,0.9747450218552696,0.0039466615074968,0.0602409638545144
cvc_300,182.png,0.8772988339038827,0.9198712519052912,0.8516311166866879,0.8562893081761006,0.0019123912499684,0.0326264274056667
cvc_300,183.png,0.9082955539649182,0.905429071803132,0.8271999999987968,0.8721311475409836,0.005441850902661,0.03802281368749
cvc_300,184.png,0.9186665694070184,0.9554035567708924,0.914614981664596,0.975408728550196,0.0031008904797229,0.1254480286715869
cvc_300,185.png,0.8330509579045575,0.9587114337557182,0.9206971677539856,0.977124915900426,0.0020332407226403,0.1797752808948365
cvc_300,186.png,0.9397225725095336,0.9207664422567052,0.8531669865622525,0.9185295578738202,0.0040559116949941,0.1012048192746697
cvc_300,187.png,0.916155419222994,0.9490395923158084,0.9030212607219265,0.940292831336756,0.0022507810239198,0.1628392484308384
cvc_300,188.png,0.8956037962257057,0.8959844138966381,0.8115686274493891,0.836414231763069,0.0060616722763844,0.1310043668093667
cvc_300,189.png,0.9270342972428116,0.927714237421304,0.8651744430423862,0.8966659542637315,0.0030915078633185,0.0579710144918201
cvc_300,190.png,0.8858154606802393,0.961329379786903,0.9255382419401385,0.9529496923633732,0.0020533857681843,0.2057335581752827
cvc_300,191.png,0.929813690254914,0.9515418502198832,0.9075630252093908,0.964594807238395,0.0030158992379975,0.1100671140924823
cvc_300,192.png,0.9091994032819944,0.9541073657922824,0.9122421695942396,0.965547703180212,0.0029232577162034,0.1037463976930296
cvc_300,193.png,0.9030988686670344,0.9378244408879676,0.8829279047542566,0.9196074024125273,0.0048776981419088,0.0317880794697776
cvc_300,194.png,0.9128579188329662,0.9716821949963422,0.9449240208311728,0.974219711782171,0.0015859521899654,0.0989583333320448
cvc_300,195.png,0.8602475448893834,0.9451958068540844,0.896086508752939,0.9188118811881189,0.0021486411858988,0.0784929356345605
cvc_300,196.png,0.9371046228710844,0.8655781474631004,0.7630125826009205,0.77538742023701,0.0115870820509337,0.065573770490826
cvc_300,197.png,0.938655541860264,0.9716839642447144,0.944927367130888,0.964062684105102,0.0024191694890491,0.1334922526801729
cvc_300,198.png,0.8762697751874469,0.905429071803132,0.8271999999987968,0.8721311475409836,0.005441850902661,0.03802281368749
cvc_300,199.png,0.8585251918586039,0.9115519735477828,0.8374786405915725,0.9041810132808658,0.0067923814704136,0.0880121396041272
cvc_300,200.png,0.9007883689977468,0.9601730750310156,0.9233970115359876,0.999410145497444,0.001973868937234,0.1779661016911448
cvc_300,201.png,0.910256410256523,0.9113549500666857,0.8371460928633361,0.8875959972073539,0.0052459858951798,0.0979020978998158
cvc_300,202.png,0.8111876640420722,0.8135854882281692,0.68575146389025,0.7996804889907619,0.0124083617806401,0.0066740823136076
cvc_300,203.png,0.9141742522757386,0.961329379786903,0.9255382419401385,0.9529496923633732,0.0020533857681843,0.2057335581752827
cvc_300,204.png,0.6030844155847377,0.7578564162959699,0.610119817256607,0.7670040677324756,0.0208076138988835,0.0057636887607238
cvc_300,205.png,0.6621995630012204,0.6147045137268382,0.4437353039968158,0.5280872244607727,0.0284508525272298,0.0158227848098762
cvc_300,206.png,0.9033326433452632,0.6008370795216232,0.4294261023699769,0.68521421107628,0.0190539755536672,0.0044943820223709
cvc_300,207.png,0.7336903602729627,0.5198460566370728,0.3512108040978335,0.4226526109340525,0.0345395260547552,0.0077519379843959
cvc_300,208.png,0.8767200224659457,0.0,0.0,0.0,1.0,0.0
