dataset,image,agreement_dice,agreement_iou,area_ratio,centroid_distance,boundary_agreement,dice,failure
cvc_clinicdb,cvc_1,0.8681856137415792,0.767074198987387,0.8313489896231567,0.0193703235499393,0.3495652173882647,0.6992191963436681,0
cvc_clinicdb,cvc_10,0.9851047715220664,0.9706467661686176,0.9722821576763484,0.0007755331405816,0.4228367528954252,0.9704693120660408,0
cvc_clinicdb,cvc_100,0.9897863190424744,0.9797791672196624,0.9858553509474246,0.0003882851757226,0.6791808873604235,0.9699762792274008,0
cvc_clinicdb,cvc_101,0.9860189573453874,0.9724234634248976,0.9865835000588444,0.0012620004478338,0.4909390444729664,0.9543954028610132,0
cvc_clinicdb,cvc_102,0.9954718348119328,0.9909844933273336,0.9998792562183048,0.0002457800894473,0.7728026533868524,0.9595947114790808,0
cvc_clinicdb,cvc_103,0.992793764399729,0.9856906453801364,0.9905347384855582,0.001041884093941,0.6844444444343045,0.9649400357234168,0
cvc_clinicdb,cvc_104,0.9713864590339416,0.9443648370812132,0.9854316432343024,0.0048665630416346,0.3451059535787578,0.9091858400919248,0
cvc_clinicdb,cvc_105,0.9759536625318934,0.9530366222927766,0.969578243834985,0.0035539244234666,0.4410876132886094,0.96389902584674,0
cvc_clinicdb,cvc_106,0.0,0.0,1.0,1.0,0.0,6.926646810274349e-13,1
cvc_clinicdb,cvc_107,0.9943826612992668,0.9888280790623778,0.9991361673107524,0.0006597301892347,0.6489459211672874,0.9567206685653026,0
cvc_clinicdb,cvc_108,0.9732681631664938,0.9479282985595368,0.9617638354542764,0.0069654268690526,0.4504896626719207,0.875836224843893,0
cvc_clinicdb,cvc_109,0.9795134003634124,0.9598493509980766,0.980360176690452,0.0026174154136051,0.6127946127877352,0.8599538442852364,0
cvc_clinicdb,cvc_11,0.5794627867932385,0.4079180618472799,0.4081954294720252,0.0890901339024603,0.3061728395023929,0.5121052190669716,0
cvc_clinicdb,cvc_110,0.9830599503209024,0.9666842707503888,0.9947772520310688,0.0012198022264129,0.574669187140126,0.908269544484898,0
cvc_clinicdb,cvc_111,0.9365373031578744,0.8806489460691505,0.8896703118012927,0.0250832514352021,0.4331877729219809,0.8998592525681365,0
cvc_clinicdb,cvc_112,0.9280067460733789,0.8656833824972012,0.8669316750629723,0.0310971755077595,0.5203111495201357,0.901430842607334,0
cvc_clinicdb,cvc_113,0.951958268478198,0.9083209569297522,0.9111593503778742,0.0201680659991924,0.5378006872806032,0.9175081751434676,0
cvc_clinicdb,cvc_114,0.9753709143985044,0.951925851124873,0.9589908788185898,0.0093869475428379,0.5371142618804244,0.9514983932441612,0
cvc_clinicdb,cvc_115,0.0,0.0,1.0,1.0,0.0,6.729022273059196e-13,1
cvc_clinicdb,cvc_116,0.0,0.0,0.0,1.0,0.0,6.369021081455726e-13,1
cvc_clinicdb,cvc_117,0.0,0.0,1.0,1.0,0.0,7.33568075116833e-13,1
cvc_clinicdb,cvc_118,0.0,0.0,1.0,1.0,0.0,6.435006435002294e-13,1
cvc_clinicdb,cvc_119,0.0,0.0,0.0,1.0,0.0,7.779679477199486e-13,1
cvc_clinicdb,cvc_12,0.0,0.0,0.0,1.0,0.0,3.9137411451591284e-13,1
cvc_clinicdb,cvc_120,0.0,0.0,0.0,1.0,0.0,5.911563017258269e-13,1
cvc_clinicdb,cvc_121,0.0,0.0,0.0,1.0,0.0,5.850348095708275e-13,1
cvc_clinicdb,cvc_122,0.0,0.0,1.0,1.0,0.0,5.931549913989008e-13,1
cvc_clinicdb,cvc_123,0.0,0.0,0.0,1.0,0.0,6.507451031426757e-13,1
cvc_clinicdb,cvc_124,0.9306017925732832,0.8702107279687532,0.8854324734446131,0.0273078014771039,0.3084745762685723,0.8512524343563725,0
cvc_clinicdb,cvc_125,0.97910572503083,0.95906672124339,0.966512583461736,0.0027770290686145,0.518620689648019,0.8897757122651597,0
cvc_clinicdb,cvc_126,0.9884877612602052,0.9772375690596936,0.9888851839502056,0.0013273457265436,0.6735294117548011,0.8826040006171221,0
cvc_clinicdb,cvc_127,0.990850559131658,0.9818670248472432,0.9993224932249324,0.0007989068704023,0.652751423137519,0.9255944308833508,0
cvc_clinicdb,cvc_128,0.9910747768686784,0.9823074635727292,0.9929745889387144,0.0004280742510303,0.6457242582784342,0.9579282992456972,0
cvc_clinicdb,cvc_129,0.9960521593486086,0.9921353670150236,0.9964174826844996,0.0004084332294861,0.817749603790527,0.9698384421647708,0
cvc_clinicdb,cvc_13,0.9885125683519188,0.97728606151959,0.9812715209540608,0.0010870753610046,0.6687830687759917,0.8952800649426359,0
cvc_clinicdb,cvc_130,0.988084080867145,0.9764487959769106,0.9818680346718556,0.0006990321632582,0.4929971988726471,0.9489989365145656,0
cvc_clinicdb,cvc_131,0.994306885956536,0.9886782280519464,0.9940535183349852,0.0004116166364855,0.7517531556696809,0.964825046040532,0
cvc_clinicdb,cvc_132,0.9931749931740892,0.9864425162671974,0.9976367933103072,0.0004292469058534,0.729783037460951,0.9748780712248322,0
cvc_clinicdb,cvc_133,0.9949352841862096,0.9899216125407616,0.9933939922722174,0.0004784863853315,0.7532051281930576,0.9646596028171026,0
cvc_clinicdb,cvc_134,0.9883484622673158,0.9769653140471716,0.9908293998651382,0.0016175530698715,0.6800670016636504,0.9699594418093284,0
cvc_clinicdb,cvc_135,0.9892302819128954,0.9786900658094774,0.9829156460021355,0.0025098411627281,0.6051282051219987,0.9792951541850284,0
cvc_clinicdb,cvc_136,0.991354870322708,0.9828579360115324,0.9860280828583344,0.0016544450199559,0.668176670434109,0.963961366584992,0
cvc_clinicdb,cvc_137,0.9934384806614528,0.9869625070847948,0.9879283804585596,0.0008704914843277,0.699757869240923,0.9679990038600556,0
cvc_clinicdb,cvc_138,0.9926344412468672,0.9853765920640573,0.9918493979071356,0.0010396061217209,0.687103594073075,0.9688395996754208,0
cvc_clinicdb,cvc_139,0.9932459276914644,0.9865824782947274,0.9886136543198402,0.0018842411891091,0.7789046653065019,0.9708330352245425,0
cvc_clinicdb,cvc_14,0.7463548433654593,0.5953477660050775,0.5990304709141274,0.0616036167686369,0.2877192982405663,0.2809923359125055,1
cvc_clinicdb,cvc_140,0.9970033343179427,0.9940245749869576,0.9988189142447378,0.0002023161291051,0.7436893203811293,0.9787371272547506,0
cvc_clinicdb,cvc_141,0.9930654701201658,0.9862264533113948,0.995861460700838,0.0002164801711686,0.5188431200655668,0.969413850717774,0
cvc_clinicdb,cvc_142,0.9938468550590638,0.9877689694220506,0.9911514463981848,0.001078439480697,0.6055209260854362,0.9613577636833528,0
cvc_clinicdb,cvc_143,0.981740894598607,0.9641366223890624,0.9656285605772884,0.0010384173320411,0.6179159049247182,0.920657467532548,0
cvc_clinicdb,cvc_144,0.995716488662689,0.9914695177428392,0.9951002734731084,0.00079866546129,0.7158836688957955,0.9693370571806648,0
cvc_clinicdb,cvc_145,0.9897767486563438,0.9797604117108594,0.993381232310037,0.0010360932434546,0.4039215686234909,0.9810898069447233,0
cvc_clinicdb,cvc_146,0.9954008318110612,0.9908437746425168,0.9937261439915764,0.001007051440768,0.6915520628615761,0.9807552089087296,0
cvc_clinicdb,cvc_147,0.9916950596248608,0.9835269271376392,0.9958914783594248,0.0011026597226249,0.6492537313352083,0.9728809877258509,0
cvc_clinicdb,cvc_148,0.9935453474671408,0.9871734856277622,0.9907146876758582,0.0007774966324818,0.6741258741164458,0.959801681815992,0
cvc_clinicdb,cvc_149,0.994555167453773,0.9891693062215292,0.9997945557267592,1.7487931790651257e-05,0.7595307917777194,0.9669539470205852,0
cvc_clinicdb,cvc_15,0.0,0.0,0.0,1.0,0.0,2.760676917979527e-13,1
cvc_clinicdb,cvc_150,0.9957124010548616,0.9914614121499818,0.9958310477235326,8.818199244096257e-05,0.7737003057985673,0.95551279148746,0
cvc_clinicdb,cvc_151,0.9909959447377888,0.9821525885545204,0.998489010989011,0.0010726375094946,0.6655172413678359,0.9581041049513626,0
cvc_clinicdb,cvc_152,0.962883603551898,0.928423855653584,0.9980496622585864,0.0090282394021618,0.1640316205517388,0.9605193809592352,0
cvc_clinicdb,cvc_153,0.965686274509197,0.9336492890983914,0.9433317049340498,0.0052066468553761,0.4055299539108213,0.8957890259464797,0
cvc_clinicdb,cvc_154,0.0,0.0,0.0,1.0,0.0,1.666666666638889e-11,1
cvc_clinicdb,cvc_155,0.9605514384644638,0.924097135740396,0.980706364976604,0.007910913693529,0.3412017167345365,0.0172129214813621,1
cvc_clinicdb,cvc_156,0.0,0.0,0.0,1.0,0.0,0.9436934539649348,0
cvc_clinicdb,cvc_157,0.9685559006204914,0.9390289800515128,0.9731903485254692,0.0053537185005725,0.4764890282056976,0.9511302757089044,0
cvc_clinicdb,cvc_158,0.9725274725264448,0.9465240641691762,0.9700249791840132,0.0040929760041026,0.6142857142747449,0.9532370251471876,0
cvc_clinicdb,cvc_159,0.9836065573744898,0.9677419354789158,0.9727926078028748,0.0004588051147155,0.6457680250581264,0.949564298917482,0
cvc_clinicdb,cvc_16,0.9658136354750498,0.9338874197192624,0.9605515128303332,0.0016137385297955,0.518518518512117,0.9544962769681444,0
cvc_clinicdb,cvc_160,0.9936946838659144,0.9874683835353096,0.9984971098265896,0.0011108284633895,0.7289433384268156,0.9582295004153564,0
cvc_clinicdb,cvc_161,0.9945884363415058,0.9892351274759512,0.9937535491198184,0.0001954794286494,0.835680751154092,0.9411764705883237,0
cvc_clinicdb,cvc_162,0.9911000355989754,0.9823570924471025,0.9925518708990956,0.0004874463718598,0.6817325800248262,0.9479682391406372,0
cvc_clinicdb,cvc_163,0.0,0.0,0.0,1.0,0.0,0.2750020691369562,1
cvc_clinicdb,cvc_164,0.9957094244696024,0.9914555097201196,0.9961606615475488,0.0001479695150106,0.8543209876332266,0.9458637469587198,0
cvc_clinicdb,cvc_165,0.9742862209605874,0.9498616874124596,0.9654932032066922,0.0041123691654886,0.4700460829420884,0.9142820725257064,0
cvc_clinicdb,cvc_166,0.771021865674915,0.6273682534623249,0.6320453456809836,0.0317145497895079,0.263513513510546,0.945235916873647,0
cvc_clinicdb,cvc_167,0.9851174934712988,0.970671468996731,0.9958311620635748,0.0014808388730022,0.6873508353057911,0.9526788142508122,0
cvc_clinicdb,cvc_168,0.0,0.0,0.0,1.0,0.0,2.0181634712370976e-12,1
cvc_clinicdb,cvc_169,0.9918571428564344,0.983845826837206,0.9906156689890516,0.0005133175279731,0.665505226469242,0.9637792961575464,0
cvc_clinicdb,cvc_17,0.960219667066772,0.9234831979923922,0.933952870892798,0.0014584957090687,0.469352014006398,0.96728535184939,0
cvc_clinicdb,cvc_170,0.9969817933979194,0.9939817511143584,0.9990268586998832,0.0001157560944927,0.871690427680821,0.9481300315907998,0
cvc_clinicdb,cvc_171,0.9962077784628308,0.9924442101546436,0.9973577593799542,0.0001364032949999,0.8390804597540406,0.955440986926942,0
cvc_clinicdb,cvc_172,0.9705611775514098,0.9428060768515256,0.946284691136974,0.002229737934375,0.584541062787813,0.9398076326404904,0
cvc_clinicdb,cvc_173,0.96854269206036,0.939004149376814,0.9407758119445137,0.008016732573625,0.5171974522227109,0.9378944161553128,0
cvc_clinicdb,cvc_174,0.93004668269878,0.8692404310168115,0.9026983379314986,0.0099253422937765,0.3772391991530322,0.9178979314751546,0
cvc_clinicdb,cvc_175,0.8980001486874961,0.8148822775411084,0.8186857760951866,0.0197607948054848,0.4229323308230928,0.8654867905170696,0
cvc_clinicdb,cvc_176,0.9294622368549238,0.8682199440814735,0.8824892005258874,0.0170677767358509,0.399299474602458,0.9465439156581978,0
cvc_clinicdb,cvc_177,0.9925028548726516,0.985117287600054,0.9902173913043478,0.0009030030811802,0.7227586206796861,0.8935352870157538,0
cvc_clinicdb,cvc_178,0.0,0.0,0.0,1.0,0.0,0.8061127029626924,0
cvc_clinicdb,cvc_179,0.9812587412573688,0.9632070291022428,0.9811582155721806,0.0008371365208691,0.5297029702839182,0.9035671100364214,0
cvc_clinicdb,cvc_18,0.9822295461626588,0.9650796429188122,0.9766704815564752,0.00103182706078,0.5517241379250891,0.9637489713716644,0
cvc_clinicdb,cvc_180,0.985305105851824,0.971035837012835,0.9778325123152708,0.0013911012681697,0.5976470588094671,0.9069269858252114,0
cvc_clinicdb,cvc_181,0.9873215000654112,0.9749604638877836,0.9870060991779368,0.0008882293309613,0.7007299269902498,0.913918629550444,0
cvc_clinicdb,cvc_182,0.990230558810746,0.9806501547962316,0.99506237006237,7.109541159948538e-05,0.6826923076758968,0.9451718494272432,0
cvc_clinicdb,cvc_183,0.986538959356735,0.9734355044675008,0.9968984233652106,0.0007717737221599,0.639810426525123,0.9161036036037216,0
cvc_clinicdb,cvc_184,0.9824945295391376,0.9655913978468668,0.9961779961779962,0.0010484628919278,0.5637254901822616,0.9184298847221386,0
cvc_clinicdb,cvc_185,0.989271895883759,0.9787715329720224,0.9842959343919035,0.0008384781443092,0.6269230769110207,0.923105953391902,0
cvc_clinicdb,cvc_186,0.9913783574660155,0.9829041095879638,0.9933898865263854,0.0006664723513565,0.6046511627813232,0.9447959598305308,0
cvc_clinicdb,cvc_187,0.9848600069128984,0.9701716153630005,0.9913270925110133,0.0017011297539824,0.4378843788384024,0.9375090200606374,0
cvc_clinicdb,cvc_188,0.9847786621976732,0.9700137551575172,0.985031185031185,0.0012717469036823,0.4242424242370676,0.9524808332128046,0
cvc_clinicdb,cvc_189,0.9772164860474636,0.9554480226915476,0.9819042787079316,0.0027487624189477,0.5559701492433587,0.936073059360789,0
cvc_clinicdb,cvc_19,0.9398284470612344,0.8864871392333213,0.9799746514575411,0.0010981718608851,0.2892307692278028,0.5570467217844426,0
cvc_clinicdb,cvc_190,0.9768220448094556,0.9546941857514356,0.9897514732257238,0.0015245375828577,0.4630071598934843,0.9267022879847558,0
cvc_clinicdb,cvc_191,0.9825255522552504,0.9656513285744288,0.9875491480996068,0.0008050669847574,0.6743295018898724,0.8942101501075975,0
cvc_clinicdb,cvc_192,0.9863861386108096,0.9731379731320322,0.991373998767714,0.0007449320410669,0.744525547418083,0.9209666884391868,0
cvc_clinicdb,cvc_193,0.9834983498331804,0.9675324675289771,0.977519941986947,0.001203096233902,0.6759776536124028,0.9186976018718684,0
cvc_clinicdb,cvc_194,0.9843374651667296,0.9691579943217234,0.9728909952606636,0.0022247202838797,0.6066945606567637,0.9598952035469972,0
cvc_clinicdb,cvc_195,0.958619297536376,0.9205272339582856,0.9265020416099552,0.004625385458313,0.507276507265961,0.9478165938865198,0
cvc_clinicdb,cvc_196,0.9713341754922056,0.9442660117118,0.9531220345416588,0.0044475505469689,0.5991735537066286,0.9269585497721542,0
cvc_clinicdb,cvc_197,0.9895775172147872,0.979370049731112,0.9874237100055484,0.0011619319673544,0.6924643584380353,0.9293709757306295,0
cvc_clinicdb,cvc_198,0.9830543500713133,0.9666734403556864,0.9783319705641864,0.0018576017514923,0.5647558386291984,0.9580268282129404,0
cvc_clinicdb,cvc_199,0.9891770471707276,0.9785858585838816,0.981788749494132,0.0008952415182338,0.6443514644216662,0.944702954225793,0
cvc_clinicdb,cvc_2,0.90581818181777,0.8278497839807013,0.9393511988716502,0.0070860988787047,0.308390022673406,0.699262513729892,0
cvc_clinicdb,cvc_20,0.9560698176103588,0.9158369340580202,0.955138036809816,0.00455795142375,0.4632627646268585,0.4103179364129701,1
cvc_clinicdb,cvc_201,0.0,0.0,1.0,1.0,0.0,1.697504668134956e-12,1
cvc_clinicdb,cvc_205,0.0,0.0,1.0,1.0,0.0,3.3036009249973455e-12,1
cvc_clinicdb,cvc_206,0.9866607049698288,0.9736725989101724,0.9992550655542312,0.0020238750924414,0.5818181818093664,0.763674158763308,0
cvc_clinicdb,cvc_207,0.9875568523118616,0.9754195626360816,0.9923063771584888,0.0009388825821434,0.590381426192531,0.7029621503019042,0
cvc_clinicdb,cvc_208,0.978838665987847,0.9585543766546468,0.992914979757085,0.0012787126695411,0.5517241379183512,0.7416421877189234,0
cvc_clinicdb,cvc_209,0.0,0.0,0.0,1.0,0.0,3.5335689045811537e-12,1
cvc_clinicdb,cvc_21,0.8611284095152382,0.7561242344702777,0.760552570990023,0.0417654685357285,0.2400722021638983,0.7283193748831588,0
cvc_clinicdb,cvc_210,0.9240050861669984,0.8587448456196023,0.8847134407505609,0.0133470409802153,0.3208633093502096,0.6898540515553108,0
cvc_clinicdb,cvc_211,0.9603029268441104,0.9236372320730052,0.96206077583582,0.0034882133696999,0.3648881239211283,0.7423778458261904,0
cvc_clinicdb,cvc_212,0.976117676224702,0.9533494753826042,0.981821159515231,0.0025096856280387,0.468085106377737,0.7831084801762861,0
cvc_clinicdb,cvc_213,0.9827850181108396,0.9661527165925358,0.9735426339450216,0.0042017966598823,0.5714285714220927,0.8639768871569644,0
cvc_clinicdb,cvc_214,0.9781808189057551,0.9572934595514658,0.9749267339628784,0.0021251493632567,0.4556616643866895,0.8899979834644636,0
cvc_clinicdb,cvc_215,0.9918307597860924,0.983793911006104,0.9993391238670696,0.0010367647560472,0.5926829268220405,0.9761642127476016,0
cvc_clinicdb,cvc_216,0.9877568134167766,0.9758097920628152,0.9879969992498124,0.0009869464112502,0.5404040403972171,0.9036695358511166,0
cvc_clinicdb,cvc_217,0.9930424325712964,0.9861810116855872,0.9928106812735364,0.0004672486477855,0.6403162055251606,0.9644991212653936,0
cvc_clinicdb,cvc_218,0.9931612618569418,0.9864154250646512,0.9962567433667292,0.0005163136037985,0.6816816816714462,0.9689686301060884,0
cvc_clinicdb,cvc_219,0.992529508440914,0.985169805722994,0.9895957193816884,0.0008495865785072,0.7337883958919149,0.9211425248928548,0
cvc_clinicdb,cvc_22,0.9679948937713432,0.9379749072257678,0.9476114366897532,0.0035691824941234,0.4064171122922207,0.1763663668732301,1
cvc_clinicdb,cvc_220,0.9898190045239535,0.9798432250821578,0.9917386406308676,0.000452481841618,0.6421663442815828,0.958528037383218,0
cvc_clinicdb,cvc_221,0.9864090755913888,0.9731826241113184,0.9894972067039106,0.0010420635341561,0.5539112050622852,0.9001759530792959,0
cvc_clinicdb,cvc_222,0.992423301452003,0.9849605522658162,0.9938088162456662,0.0003395464363797,0.7396061268984768,0.9196321471412506,0
cvc_clinicdb,cvc_223,0.981122112209926,0.962943767813001,0.9861038280020976,0.0012110098371934,0.5503355704574869,0.9341569563387138,0
cvc_clinicdb,cvc_224,0.984553391536292,0.9695767195735132,0.9886477462437396,0.0012778413723461,0.6649746192724626,0.939148786493248,0
cvc_clinicdb,cvc_225,0.9824229313128956,0.9654530959315296,0.978598180845372,0.001707069266168,0.6163793103315436,0.9396600566573092,0
cvc_clinicdb,cvc_226,0.9796479175603438,0.9601077259704424,0.9905982905982906,0.0033086414544982,0.5774647887222277,0.9455467971369524,0
cvc_clinicdb,cvc_227,0.9821162444098628,0.9648609077570576,0.9970238095238096,0.0018728623313731,0.5866050808178613,0.9304087107465198,0
cvc_clinicdb,cvc_228,0.969788106629549,0.941348195327838,0.9942748091603052,0.0021682245003332,0.2332268370569772,0.8849108106393164,0
cvc_clinicdb,cvc_229,0.9787173056245224,0.9583216390668562,0.9619007451145788,0.0009455286247905,0.4497444633654217,0.8946322067595109,0
cvc_clinicdb,cvc_23,0.8498817476451497,0.7389516216311054,0.7625420506069913,0.0331166311352965,0.3623995052544069,0.9723547287963952,0
cvc_clinicdb,cvc_230,0.0,0.0,0.0,1.0,0.0,0.8037861813526445,0
cvc_clinicdb,cvc_231,0.0,0.0,0.0,1.0,0.0,5.205080158231727e-13,1
cvc_clinicdb,cvc_232,0.9683254941943332,0.9385959319001858,0.986345224095126,0.0045688709304426,0.174392935980415,0.8811672683514197,0
cvc_clinicdb,cvc_233,0.9741971760586736,0.9496924295018272,0.9622410199828368,0.0019627482078872,0.2400857449063227,0.9103492026875314,0
cvc_clinicdb,cvc_234,0.9875903817047292,0.975484985383354,0.994031652360515,0.0004354975412946,0.4832214765046619,0.9215080743743416,0
cvc_clinicdb,cvc_235,0.9853906884081068,0.9712020943924288,0.9919165196942976,0.0020247859613945,0.5387205387144924,0.9092080306338228,0
cvc_clinicdb,cvc_236,0.9783427495287296,0.957603686635062,0.9650291423813488,0.0010648794907438,0.4680851063767541,0.930359134508173,0
cvc_clinicdb,cvc_237,0.9740863787372332,0.9494818652843884,0.9866113520648688,0.0067860337367936,0.452727272723157,0.9237484471007208,0
cvc_clinicdb,cvc_238,0.986753680611822,0.973853703418974,0.981907768111479,0.0007022650770633,0.4965986394501519,0.937261486795933,0
cvc_clinicdb,cvc_239,0.9774233128830356,0.955843532516634,0.991042345276873,0.0026659739276586,0.3329425556819115,0.9301110894562736,0
cvc_clinicdb,cvc_24,0.8769183972566224,0.7808144974635441,0.7840651208682783,0.0299987734873682,0.3357771260972451,0.9248536109304012,0
cvc_clinicdb,cvc_240,0.973004115225937,0.947427472350579,0.991313611407031,0.0035733208238212,0.4835371589794587,0.9073253283907216,0
cvc_clinicdb,cvc_241,0.9786427397948612,0.9581786686455842,0.961090458488228,0.0012296423700468,0.3186274509764874,0.9100809080103108,0
cvc_clinicdb,cvc_242,0.9833815994649217,0.9673065124016412,0.992277649565063,0.0002479167809967,0.4936708860697004,0.8948705342511083,0
cvc_clinicdb,cvc_243,0.0,0.0,1.0,1.0,0.0,9.867771857104926e-13,1
cvc_clinicdb,cvc_244,0.5914521011683892,0.4199020151597246,0.425634600213467,0.0966090870135076,0.263917525770475,0.6036847029975789,0
cvc_clinicdb,cvc_245,0.926176101380282,0.8625027833435064,0.944328219432822,0.0078120769105742,0.1735357917551677,0.8713607016689784,0
cvc_clinicdb,cvc_246,0.0,0.0,1.0,1.0,0.0,8.1300813008064e-13,1
cvc_clinicdb,cvc_247,0.9456210646819516,0.8968512486421304,0.9515192135835568,0.008617194046751,0.2771618625246434,0.8642693080678064,0
cvc_clinicdb,cvc_248,0.8593652080949389,0.7534096050670587,0.7547706837440973,0.0299862511703739,0.1165452653473824,0.8772321428571918,0
cvc_clinicdb,cvc_249,0.9762062385603114,0.953518448078392,0.9636766842547984,0.0045498951361318,0.5683297179981743,0.8864298686489478,0
cvc_clinicdb,cvc_25,0.9768658771674787,0.9547779273190988,0.9912256649300796,0.0018842300615037,0.53479853478874,0.1353267457666063,1
cvc_clinicdb,cvc_250,0.9827244667614212,0.9660356851725694,0.9984349106978456,0.0008947983325009,0.4803591470204224,0.8720352222696246,0
cvc_clinicdb,cvc_251,0.9745942535981106,0.9504474272920016,0.9962220950200344,0.0030787964364862,0.6649616368201412,0.8880552578302441,0
cvc_clinicdb,cvc_252,0.9822937454880972,0.9652036048056032,0.988097248016208,0.0021329287620346,0.5040840139964518,0.902648008611452,0
cvc_clinicdb,cvc_253,0.4619219299414866,0.3003241115868154,0.3014539767132016,0.1586972412225122,0.120171673818453,0.8156986020814423,0
cvc_clinicdb,cvc_254,0.0,0.0,1.0,1.0,0.0,4.264028654270738e-13,1
cvc_clinicdb,cvc_255,0.0,0.0,0.0,1.0,0.0,0.8314415281022863,0
cvc_clinicdb,cvc_256,0.6357562076746566,0.4660136342574187,0.4725435447413907,0.0927372658421329,0.1559322033880685,0.7946262303804751,0
cvc_clinicdb,cvc_257,0.9626508416243548,0.9279911530768884,0.9340785936766652,0.0042451123488764,0.4624033731520562,0.7794686613361284,0
cvc_clinicdb,cvc_258,0.9588685061497904,0.9209869375901764,0.9836340746957616,0.0012376841740417,0.3927335640104435,0.8073676132003548,0
cvc_clinicdb,cvc_259,0.627461962101826,0.4571545157777086,0.4607308426506681,0.1283556146138894,0.3149606299181598,0.7461046795185087,0
cvc_clinicdb,cvc_26,0.0,0.0,0.0,1.0,0.0,6.858710562367225e-12,1
cvc_clinicdb,cvc_260,0.9735975647630156,0.9485534438918428,0.9863030602171768,0.0015543587523301,0.4937499999922851,0.4915694309758527,1
cvc_clinicdb,cvc_261,0.9394677908045912,0.8858455996516453,0.9026254777868288,0.0112175750360499,0.2832909245098958,0.7974122305569289,0
cvc_clinicdb,cvc_262,0.9825398046300352,0.9656788630171108,0.9915747549019608,0.0010167159009786,0.5492227979217698,0.8926545660805826,0
cvc_clinicdb,cvc_263,0.0,0.0,1.0,1.0,0.0,8.840951286350596e-13,1
cvc_clinicdb,cvc_264,0.949365761609983,0.903612053481888,0.9540123930967378,0.002829436430053,0.355223880594364,0.83375646024122,0
cvc_clinicdb,cvc_265,0.9679640482507772,0.9379169849753308,0.9448504983388704,0.0062372166532683,0.4034267912741166,0.8488418441915389,0
cvc_clinicdb,cvc_266,0.8231962570792837,0.6995187277669493,0.7258818529536761,0.0378318023658299,0.2620481927691111,0.6710571923744316,0
cvc_clinicdb,cvc_267,0.6546060461789617,0.4865534324127311,0.4905972797161443,0.0458442929513767,0.1105169340443758,0.3378089826646384,1
cvc_clinicdb,cvc_268,0.0,0.0,1.0,1.0,0.0,4.038772213245542e-13,1
cvc_clinicdb,cvc_269,0.0,0.0,1.0,1.0,0.0,5.529138560209261e-13,1
cvc_clinicdb,cvc_27,0.8995633187753285,0.8174603174570736,0.8283433133732535,0.0117059595810837,0.4795321637286686,0.7378398603149467,0
cvc_clinicdb,cvc_270,0.6606983581643617,0.4933155739724269,0.4961941478845393,0.1128223206396228,0.1807331628288087,0.7231758106840023,0
cvc_clinicdb,cvc_271,0.6900066930956367,0.5267253576479615,0.5360828818854048,0.1138752686519104,0.3289473684179611,0.9069274355693828,0
cvc_clinicdb,cvc_272,0.0,0.0,0.0,1.0,0.0,2.8400215841632335e-13,1
cvc_clinicdb,cvc_273,0.0,0.0,0.0,1.0,0.0,0.8912681249335465,0
cvc_clinicdb,cvc_274,0.0,0.0,1.0,1.0,0.0,3.076071241809014e-13,1
cvc_clinicdb,cvc_275,0.978349202498042,0.9576160512870028,0.9851914278834576,0.0033673919740939,0.4511999999927808,0.4713043987241443,1
cvc_clinicdb,cvc_276,0.9675464694159,0.9371331888114328,0.9535565745974192,0.0049197635939033,0.5169842584878461,0.8781635667259423,0
cvc_clinicdb,cvc_277,0.9487022276717968,0.902410575426981,0.915218412400188,0.0094989906847693,0.3658767772477168,0.819921947593451,0
cvc_clinicdb,cvc_278,0.9460303300603344,0.8975878120994601,0.8991952562473529,0.0029416825302046,0.4068767908192872,0.9327135900842568,0
cvc_clinicdb,cvc_279,0.0,0.0,1.0,1.0,0.0,3.649635036483031e-12,1
cvc_clinicdb,cvc_28,0.9866937302650126,0.9737369241019947,0.9852249832102082,0.0004299074865949,0.6329670329531216,0.8917166279213364,0
cvc_clinicdb,cvc_280,0.9873843566008028,0.9750830564757058,0.9833194328607172,0.0012418217337279,0.7299270072815103,0.9355029585799772,0
cvc_clinicdb,cvc_281,0.9679091582313404,0.937813920112562,0.9570048309178744,0.0012803999349213,0.5567928730388242,0.9298741330594272,0
cvc_clinicdb,cvc_282,0.988832063457897,0.9779108175041744,0.9881718198796432,0.0007760032845041,0.6929460580769098,0.9150678783799896,0
cvc_clinicdb,cvc_283,0.9832229580563098,0.9669995657816608,0.9824945295404814,0.001062483803834,0.618421052618017,0.937828064854849,0
cvc_clinicdb,cvc_284,0.0,0.0,1.0,1.0,0.0,3.237293622521084e-12,1
cvc_clinicdb,cvc_285,0.0,0.0,0.0,1.0,0.0,2.947244326545985e-12,1
cvc_clinicdb,cvc_286,0.8905220476420546,0.8026496116930045,0.8366302071212474,0.0083978745008636,0.1810526315751357,0.898601873218544,0
cvc_clinicdb,cvc_287,0.0,0.0,0.0,1.0,0.0,2.8514399771803497e-12,1
cvc_clinicdb,cvc_288,0.9770915074028894,0.9552091066544044,0.9566617137196632,0.002944532977314,0.6590389015867497,0.9205776173286224,0
cvc_clinicdb,cvc_289,0.0,0.0,1.0,1.0,0.0,3.0835646006688758e-12,1
cvc_clinicdb,cvc_29,0.986167146973116,0.9727117680481852,0.9969307500479572,0.0003316850964304,0.6269841269716868,0.9118257261411704,0
cvc_clinicdb,cvc_290,0.979176755445571,0.9592030360485808,0.9970986460348162,0.0009347969803415,0.617363344031596,0.932490518331397,0
cvc_clinicdb,cvc_291,0.9586492074398392,0.920582395758302,0.9346666666666666,0.0022325298749593,0.5652173912838689,0.9385297845375838,0
cvc_clinicdb,cvc_292,0.0,0.0,0.0,1.0,0.0,0.8315526255971094,0
cvc_clinicdb,cvc_293,0.98782746758271,0.9759477124157492,0.9826862539349422,0.0005541150538072,0.6682134570610623,0.9602897773008314,0
cvc_clinicdb,cvc_294,0.9762840837019958,0.9536669970243964,0.9891523713420788,0.0022425756799281,0.5363636363514462,0.9615631829284464,0
cvc_clinicdb,cvc_295,0.9801013471746632,0.9609791565657756,0.9894270961396608,0.0017136673017587,0.5148063781203917,0.9168521670814236,0
cvc_clinicdb,cvc_296,0.9789043336042864,0.9586803331167244,0.9977131656321464,0.0015931409939718,0.5964912280552258,0.921721099015169,0
cvc_clinicdb,cvc_297,0.0,0.0,1.0,1.0,0.0,3.532320734710236e-12,1
cvc_clinicdb,cvc_298,0.9898797301254108,0.9799622477116596,1.0,0.0004226433175722,0.6837060702766181,0.9706076376163816,0
cvc_clinicdb,cvc_299,0.9781341107857462,0.957203994291135,0.9611206403659234,0.0020873956000971,0.5714285714156139,0.9639059457840888,0
cvc_clinicdb,cvc_3,0.9520508883522912,0.9084896182175916,0.9452978323946066,0.003237383696997,0.486204325126874,0.7135868707591246,0
cvc_clinicdb,cvc_30,0.9913797449206072,0.9829068372641112,0.9894694614381708,0.0007063886928522,0.6695402298754376,0.9452257586972902,0
cvc_clinicdb,cvc_300,0.9795043198581196,0.9598319119998024,0.9883385579937304,0.0035629933012668,0.5400313971657765,0.930885795244591,0
cvc_clinicdb,cvc_301,0.9812908423588028,0.9632688927926832,0.9674181049665376,0.0011892173535993,0.571976967359463,0.9166165736368256,0
cvc_clinicdb,cvc_302,0.985144823630063,0.970724539390787,0.9778786159954624,0.0014785111829827,0.5060606060529385,0.962735042735064,0
cvc_clinicdb,cvc_303,0.985914028795163,0.9722193746786548,0.9787102746066028,0.0023271812632251,0.5085638998615473,0.9427683672446914,0
cvc_clinicdb,cvc_304,0.9396847967763124,0.8862315601241771,0.9066877541798464,0.0149963301420128,0.5426136363559287,0.9345260548580404,0
cvc_clinicdb,cvc_305,0.986423014824238,0.9732097603352594,0.9873113104353534,0.0013482630938562,0.4615384615329142,0.9366988618003173,0
cvc_clinicdb,cvc_306,0.9895351667070093,0.979287090558338,0.9943961523187574,0.0016906237076577,0.5478927203012655,0.9269595461885788,0
cvc_clinicdb,cvc_307,0.9535310302654878,0.9111890154826068,0.916414412655014,0.0087221068980604,0.4172661870443558,0.8689446155350887,0
cvc_clinicdb,cvc_308,0.9914259749492308,0.9829977278061716,0.9994469900458208,0.0006091609248483,0.5549597855153491,0.9530700847633023,0
cvc_clinicdb,cvc_309,0.9724770642193868,0.9464285714270624,0.94673895710413,0.0039872331394378,0.5670498084182557,0.8986492374728552,0
cvc_clinicdb,cvc_31,0.9819563152891,0.9645522388049116,0.9854702750665484,0.0019328145054933,0.4682779456122616,0.9500086891038928,0
cvc_clinicdb,cvc_310,0.9931341621803802,0.9863619609252254,0.9951869677897076,0.0004215317058588,0.8184281842596631,0.9651760228354612,0
cvc_clinicdb,cvc_311,0.975247524750866,0.9516908212529736,0.9643435980551054,0.0011491496230566,0.5263157894598338,0.9328408327737864,0
cvc_clinicdb,cvc_312,0.9699819168138518,0.9417134831394544,0.948555320648344,0.0021393965478995,0.6805555555319251,0.9181784524253308,0
cvc_clinicdb,cvc_313,0.0,0.0,1.0,1.0,0.0,1.5026296018008976e-12,1
cvc_clinicdb,cvc_314,0.972090374026345,0.9456963428137598,0.9476149389868112,0.002747033797878,0.4705882352871972,0.9320554300714656,0
cvc_clinicdb,cvc_315,0.991279708834854,0.9827101898484198,0.9988770079585958,0.0010061994747297,0.5412474849040116,0.9852214326112118,0
cvc_clinicdb,cvc_316,0.9839129670749424,0.9683353248220335,0.9886583854878164,0.0021964644479443,0.5556363636323227,0.9558904758147312,0
cvc_clinicdb,cvc_317,0.9772987409382624,0.9556052975185252,0.9635410163565988,0.0055745787444605,0.5288135593160586,0.946793303897606,0
cvc_clinicdb,cvc_318,0.0,0.0,0.0,1.0,0.0,4.149377593343779e-12,1
cvc_clinicdb,cvc_319,0.9897702498725646,0.9797476759595626,0.9797476759628154,0.0004235215681667,0.7146666666476089,0.9540771782784108,0
cvc_clinicdb,cvc_32,0.9895426726418054,0.9793017932077648,0.9878340837244948,0.000685086085828,0.5843621399096796,0.9485748755844022,0
cvc_clinicdb,cvc_320,0.9816731349709124,0.9640059284332756,0.9799359658484526,0.0007019794766041,0.5267665952777995,0.96072915494547,0
cvc_clinicdb,cvc_321,0.9950994950987562,0.9902467858711538,0.9917184265010353,0.0004469662224906,0.8085106382835371,0.9407780752874936,0
cvc_clinicdb,cvc_322,0.9956776600148052,0.9913925244652854,0.998461720506449,0.00050116380491,0.7923930269288052,0.9682578143930408,0
cvc_clinicdb,cvc_323,0.9889222681181988,0.9780872794791288,0.9988740851942204,0.0017680368389926,0.5255474452478022,0.9477524810274628,0
cvc_clinicdb,cvc_324,0.9950241580724056,0.9900975889767653,0.9995674116798846,0.0004235848928068,0.7900355871745545,0.9555073655874108,0
cvc_clinicdb,cvc_325,0.992347661784608,0.9848115507200736,0.990035721000188,0.0006650305024811,0.7165991902688947,0.9245302183850436,0
cvc_clinicdb,cvc_326,0.989366415594828,0.9789565979811948,0.989422653151168,0.000636882834384,0.720524017451517,0.9312602291326498,0
cvc_clinicdb,cvc_327,0.9950387991337044,0.9901265822759744,0.9936596500126808,0.000325260088634,0.8285714285517006,0.9404456448346517,0
cvc_clinicdb,cvc_328,0.9792262245083102,0.9592979835680372,0.965536617344072,0.0020285110740555,0.4904862579177487,0.8945386064031235,0
cvc_clinicdb,cvc_329,0.9851453567839376,0.9707255747109004,0.9961797344005822,0.0004166822553546,0.6003824091663407,0.9093241243217473,0
cvc_clinicdb,cvc_33,0.9950031725884378,0.9900560334614552,0.9995242248830386,0.0007131205213818,0.6819338422305098,0.9327572465288256,0
cvc_clinicdb,cvc_330,0.9883766901233584,0.9770204783476988,0.9860238693467336,0.0005544447319585,0.6420664206523604,0.94414414414419,0
cvc_clinicdb,cvc_331,0.9890273386640698,0.9782928623976228,0.9969051745481556,0.0011848812256641,0.5939597315336583,0.960388545477507,0
cvc_clinicdb,cvc_332,0.9865095628406876,0.9733782645307948,0.9817258883248732,0.0004034158957819,0.5797665369537011,0.970882150241238,0
cvc_clinicdb,cvc_333,0.983780861415585,0.968079446708693,0.9928173819357156,0.0017349267664032,0.5436105476563162,0.9523006278699724,0
cvc_clinicdb,cvc_334,0.9886027859848132,0.9774624373940276,0.9807692307692308,0.0012891752496224,0.6368932038711282,0.9526398877390349,0
cvc_clinicdb,cvc_335,0.9885039118625352,0.9772691396985362,0.9841596705211468,0.0014886706554492,0.6303939962358275,0.95619173335537,0
cvc_clinicdb,cvc_336,0.9867841409683106,0.9739130434766003,0.9939717533585946,0.0006085732193526,0.5792563600669421,0.9500715819613904,0
cvc_clinicdb,cvc_337,0.9909575701360298,0.9820772058808486,0.9872523421901398,0.0006375624671006,0.6802973977568718,0.9416945282557762,0
cvc_clinicdb,cvc_338,0.990340131018546,0.9808651026385772,0.9984467455621302,0.0007823426403037,0.5574193548315172,0.9582296614642396,0
cvc_clinicdb,cvc_339,0.9847058823514931,0.9698725376565184,0.98482194979568,0.0008606280407989,0.7064676616739685,0.9400062169724276,0
cvc_clinicdb,cvc_34,0.9908021101034824,0.9817718804436648,0.9970286331712588,0.0006164401621346,0.6463022507934678,0.9300157751327048,0
cvc_clinicdb,cvc_340,0.9770427055024018,0.9551158301112206,0.9926217412690606,0.0013093269364164,0.6072607260525656,0.9271286116084706,0
cvc_clinicdb,cvc_341,0.992849077905546,0.985799701042654,0.9887724550898204,5.607208717379154e-05,0.7988668555014485,0.9482861105608316,0
cvc_clinicdb,cvc_342,0.993118051878717,0.9863301787580484,0.995891054238084,0.0005390172244068,0.6991869918585498,0.9624205748865584,0
cvc_clinicdb,cvc_343,0.9640306623855308,0.9305590690602952,0.9515407236926224,0.0027378480310899,0.4097938144277088,0.9561027130503952,0
cvc_clinicdb,cvc_344,0.0,0.0,0.0,1.0,0.0,0.9639861151287372,0
cvc_clinicdb,cvc_345,0.9351181332744732,0.8781426020051668,0.9008620689655172,0.0163740218078552,0.4425287356279451,0.9738750682367724,0
cvc_clinicdb,cvc_346,0.991554266984758,0.983249999997542,0.991214859437751,0.0003530603054026,0.7363834422497519,0.9573435504470532,0
cvc_clinicdb,cvc_347,0.9713163064823463,0.944232238348082,0.9828593689131282,0.0022300743393729,0.4187725631693362,0.9279731993300542,0
cvc_clinicdb,cvc_348,0.9970138918940156,0.9940455643765128,0.999653844489637,0.0008323917254761,0.8514680483518873,0.9743111303970547,0
cvc_clinicdb,cvc_349,0.984064343163328,0.9686286100316802,0.9937994440880906,0.003620995931172,0.3278688524560303,0.9608815426997328,0
cvc_clinicdb,cvc_35,0.9853841955236912,0.9711894799749298,0.9883033883998552,0.0022141099140036,0.5664556961935687,0.9316521176851396,0
cvc_clinicdb,cvc_350,0.9477965595727648,0.9007731044748558,0.9038789428815004,0.0096223930423808,0.3407122232883474,0.9232267975570748,0
cvc_clinicdb,cvc_351,0.963563733203046,0.9296893249219116,0.9401127289807422,0.0018249854473471,0.386454183259234,0.920034183860432,0
cvc_clinicdb,cvc_352,0.996866058044697,0.9937516979054776,0.9970068027210884,0.0003497568064433,0.913294797670264,0.9192641798672468,0
cvc_clinicdb,cvc_353,0.96786171574842,0.9377248480325794,0.9449632673390612,0.0027678337874102,0.534265734258262,0.9348875101836592,0
cvc_clinicdb,cvc_354,0.9874299767721084,0.9751720415585275,0.9791779340183884,0.0014316729039739,0.6984126984016125,0.9376944977819388,0
cvc_clinicdb,cvc_355,0.0,0.0,1.0,1.0,0.0,1.016983626562578e-12,1
cvc_clinicdb,cvc_356,0.0,0.0,1.0,1.0,0.0,1.0253255408581714e-12,1
cvc_clinicdb,cvc_357,0.95615143094267,0.9159867238273296,0.9897314375987362,0.004896844892944,0.606158833058297,0.7834020676798533,0
cvc_clinicdb,cvc_358,0.9725633288885184,0.9465919956277196,0.980130609976379,0.0037486218213413,0.4361549497785343,0.8465773995746173,0
cvc_clinicdb,cvc_359,0.939612768183705,0.8861034346615809,0.9018710191082804,0.0155119795198848,0.5395683453172714,0.8508926819698593,0
cvc_clinicdb,cvc_36,0.975284762517757,0.9517617449644468,0.9649493243243245,0.0028602030922329,0.6119096509114598,0.919588592800468,0
cvc_clinicdb,cvc_360,0.6664487839418617,0.4997549219832939,0.5046717482173593,0.099709210141385,0.3279002876286874,0.9463384328648186,0
cvc_clinicdb,cvc_361,0.970023705742722,0.9417922637163332,0.9777676950998184,0.0031263219633519,0.3223443223419608,0.5843208503946676,0
cvc_clinicdb,cvc_362,0.0,0.0,1.0,1.0,0.0,1.105827712041241e-12,1
cvc_clinicdb,cvc_363,0.0,0.0,0.0,1.0,0.0,6.872852233629741e-12,1
cvc_clinicdb,cvc_364,0.9779735682802152,0.9568965517208384,0.990529638723255,0.0007207100233188,0.6298342541262476,0.9006342494716497,0
cvc_clinicdb,cvc_365,0.9288961629370268,0.8672325976201453,0.8742331288343558,0.0075906892015368,0.4904632152454914,0.8726072607263529,0
cvc_clinicdb,cvc_366,0.9818552497431564,0.9643572286705472,0.9930922389272654,0.0005748722164793,0.6511627906787453,0.8895481515292343,0
cvc_clinicdb,cvc_367,0.9603174603156456,0.923664122134047,0.9665551839464884,0.0029842983398032,0.3820224718993814,0.9144736842107022,0
cvc_clinicdb,cvc_368,0.9320388349498112,0.8727272727243877,0.8727272727272727,0.0061727989989926,0.505434782594961,0.8726195514179589,0
cvc_clinicdb,cvc_369,0.9148069085951586,0.8429899856908334,0.858276235124414,0.0072891355586207,0.436464088385733,0.8247726714184694,0
cvc_clinicdb,cvc_37,0.9776483110184429,0.9562739726016916,0.9679197442398854,0.0037611564593147,0.552552552544256,0.9147515803155228,0
cvc_clinicdb,cvc_370,0.9607679465756244,0.9244979919641588,0.92914653784219,0.0026587868357783,0.5581395348674959,0.8158232725409303,0
cvc_clinicdb,cvc_371,0.8963549920732287,0.8121769098172764,0.816350028785262,0.0050591416674838,0.3076923076815492,0.8491751767484321,0
cvc_clinicdb,cvc_372,0.9455808568083922,0.896778916538091,0.9107669616519174,0.0027648667042846,0.4682539682353867,0.8773500447633064,0
cvc_clinicdb,cvc_373,0.918756815700876,0.8497226424566328,0.8534613441131885,0.0062526990029494,0.4304635761446866,0.767706422019201,0
cvc_clinicdb,cvc_374,0.8813387423912745,0.7878513145929835,0.8525129168623767,0.0060570385853922,0.234939759029068,0.7899484536089241,0
cvc_clinicdb,cvc_375,0.0,0.0,0.0,1.0,0.0,0.6022328548657025,0
cvc_clinicdb,cvc_376,0.9157536834140338,0.8445993031339266,0.8893647394718058,0.0080514989103274,0.203991130815876,0.8155156102178879,0
cvc_clinicdb,cvc_377,0.8742149040895023,0.776537997585113,0.7797583081570997,0.0115822438662533,0.3113456464297798,0.888377926421638,0
cvc_clinicdb,cvc_378,0.9312134977272368,0.8712811171801115,0.9450930893026191,0.006553300341691,0.1375921375887569,0.7769136307822821,0
cvc_clinicdb,cvc_379,0.9322033898278752,0.8730158730112539,0.873015873015873,0.0042952963484697,0.47811447809838,0.891526541378531,0
cvc_clinicdb,cvc_38,0.9739239710954298,0.9491733006716694,0.998953317981997,0.0022671083760306,0.3975659229128283,0.9653271127134287,0
cvc_clinicdb,cvc_380,0.9393939393919626,0.885714285710771,0.8857142857142857,0.0040753473437927,0.4139941690841401,0.9025235032164708,0
cvc_clinicdb,cvc_381,0.9317249698420604,0.8721770551019147,0.8776896942242356,0.0082858561725031,0.3947939262387246,0.8108761329307993,0
cvc_clinicdb,cvc_382,0.954545454544222,0.913043478258614,0.9163573372927494,0.0025072578138093,0.3499999999920454,0.9235259778168076,0
cvc_clinicdb,cvc_383,0.963540290619599,0.929645679324676,0.9440164355418592,0.003807012578353,0.5734597156262213,0.8911400060479421,0
cvc_clinicdb,cvc_384,0.9650202466196232,0.9324049513700564,0.9864121790502158,0.0072081412929378,0.251773049643158,0.8298209659332915,0
cvc_clinicdb,cvc_385,0.9361406377757694,0.8799477365302898,0.8837119753561802,0.0126208091683255,0.3413533834560801,0.8855005285842308,0
cvc_clinicdb,cvc_386,0.9374294413463554,0.8822279459108556,0.9729346652267818,0.0260586388668698,0.3550624133123782,0.9209754751474732,0
cvc_clinicdb,cvc_387,0.9147096816930684,0.8428248794479513,0.94042033549714,0.0291388862911852,0.1680781758946705,0.920699153262842,0
cvc_clinicdb,cvc_388,0.9725131670474068,0.94649696313167,0.9557274458739844,0.0079815918330806,0.4042392127145781,0.8635323610752147,0
cvc_clinicdb,cvc_389,0.956097310349897,0.9158873904907392,0.9693918850551452,0.0071852624648493,0.5447545716983181,0.9123315960271628,0
cvc_clinicdb,cvc_39,0.9891629683135624,0.9785583009986144,0.9846374436706268,0.0008581863375841,0.6773547094052634,0.9364341085272022,0
cvc_clinicdb,cvc_390,0.9873689868312316,0.9750530785557456,0.9890949911797724,0.0019556766696797,0.4256198347063469,0.9791170742263636,0
cvc_clinicdb,cvc_391,0.9780178837546776,0.9569814072166296,0.9648609077598828,0.0021610567883699,0.5350553505436336,0.9626641651032244,0
cvc_clinicdb,cvc_392,0.9889310238797844,0.978104409527645,0.9930548462874068,0.0003947026751674,0.5877318116891906,0.9041687427338182,0
cvc_clinicdb,cvc_393,0.986669958034444,0.9736906211924802,0.9982735232457765,0.0005741829108436,0.5692541856838774,0.9491265118065212,0
cvc_clinicdb,cvc_394,0.9861546350629672,0.9726874227256684,0.9942052039540962,0.0012591071715168,0.5756676557778091,0.9441465325059082,0
cvc_clinicdb,cvc_395,0.9869684499310368,0.9742721733235732,0.9799321010939268,0.0013557544799965,0.5342960288744368,0.9121977080869816,0
cvc_clinicdb,cvc_396,0.9894860269685404,0.979190840874929,0.9864130434782608,0.0013375407144064,0.5474452554677927,0.9359180145697265,0
cvc_clinicdb,cvc_397,0.9745680933849106,0.9503976686291358,0.9735225457672932,0.0041894449162999,0.4366347177802275,0.9631794272355468,0
cvc_clinicdb,cvc_398,0.9751011897458666,0.9514121589272612,0.9746657624491376,0.0051619534882457,0.3117647058792964,0.934774793282334,0
cvc_clinicdb,cvc_399,0.9821368636953264,0.9649007107782188,0.9682178508514386,0.0025912715413176,0.4734982332099706,0.9312458517159524,0
cvc_clinicdb,cvc_4,0.9087161994098324,0.8327038291216249,0.9007834661623666,0.0087148550599337,0.4202192448208269,0.8083432591895493,0
cvc_clinicdb,cvc_40,0.9763928234177428,0.9538745387442874,0.9704616815908826,0.0033463479643789,0.3611532625134878,0.950962586269554,0
cvc_clinicdb,cvc_400,0.9794145167751774,0.9596594629980882,0.9854033970276008,0.0014044930390831,0.6233333333229444,0.9496987529774767,0
cvc_clinicdb,cvc_401,0.9753965992205872,0.951974782124094,0.9671120246659816,0.0057089889134501,0.5710691823827538,0.93091958024572,0
cvc_clinicdb,cvc_402,0.993322588072434,0.9867337602921272,0.9881629716826892,0.0003141073840047,0.6613088404057255,0.950877791034617,0
cvc_clinicdb,cvc_403,0.9613932414569748,0.9256566390975864,0.9629423753937372,0.0058660128559281,0.5638998682402648,0.9476173703014404,0
cvc_clinicdb,cvc_404,0.9150196809608804,0.8433514091492833,0.8628434702068539,0.0247207107292909,0.4348810871977929,0.9587120698231996,0
cvc_clinicdb,cvc_405,0.9643642312996756,0.931180884675226,0.9675082989638868,0.0047227634780829,0.591977869977981,0.9561074831388736,0
cvc_clinicdb,cvc_406,0.9746841432825558,0.9506184234807544,0.970259183292933,0.0062425910263888,0.5591133004857252,0.9564136971323708,0
cvc_clinicdb,cvc_407,0.9631125131436538,0.9288495862397136,0.9446262064452804,0.0086075190997175,0.3776932826314614,0.9607886871570858,0
cvc_clinicdb,cvc_408,0.9516985411614248,0.9078481510612628,0.9140601874691664,0.0133924411527435,0.5630354957091428,0.919588105981766,0
cvc_clinicdb,cvc_409,0.9901857930892772,0.980562351284902,0.9922464940668824,0.0032256514998824,0.6346153846106908,0.9758399395998532,0
cvc_clinicdb,cvc_41,0.9863240018347992,0.9730170228160576,0.9874133527909522,0.0008497729384422,0.5886939571035342,0.9259659817127854,0
cvc_clinicdb,cvc_410,0.9832731648610208,0.9670966978329184,0.9870875179340028,0.0029956969848754,0.4676923076851124,0.9221710487961744,0
cvc_clinicdb,cvc_411,0.9720116072255246,0.9455472591496166,0.9710332103321032,0.0032255253295712,0.362903225799135,0.8853160010263531,0
cvc_clinicdb,cvc_412,0.979379492999452,0.9595922150121232,0.9738610903659448,0.0020077371238642,0.473684210516727,0.8394263450221011,0
cvc_clinicdb,cvc_413,0.9773020120914092,0.9556115526246256,0.9919052319842052,0.0019989760125333,0.4634146341369224,0.7955679607546345,0
cvc_clinicdb,cvc_414,0.9755955161137756,0.9523538128344724,0.9972014925373134,0.0014596448686839,0.2632727272708126,0.8808698227945355,0
cvc_clinicdb,cvc_415,0.892208669394536,0.8053941611069468,0.8109799971218881,0.0257458245650527,0.4444444444393534,0.8250644932142577,0
cvc_clinicdb,cvc_416,0.9544883077692756,0.912938912938181,0.9255971594577148,0.0107021667936953,0.4444444444388958,0.8678572812149429,0
cvc_clinicdb,cvc_417,0.9794178378731904,0.9596658399674198,0.9980037263774288,0.0032774731523461,0.4892561983390205,0.8149436248388315,0
cvc_clinicdb,cvc_418,0.9643100704694654,0.9310798946423812,0.9770786516853932,0.0012523263987961,0.4116424116338535,0.8626844114310712,0
cvc_clinicdb,cvc_419,0.972992380420085,0.947405220633198,0.9916573971078976,0.0043670868237552,0.2900943396192206,0.8816661862208556,0
cvc_clinicdb,cvc_42,0.9862706270620551,0.9729131397304688,0.9881889763779528,0.0013845178798318,0.6324237560091104,0.9477038165824286,0
cvc_clinicdb,cvc_420,0.9521063729072023,0.9085906701700815,0.9188341177441997,0.0033841156587819,0.3599033816381654,0.7576756645374828,0
cvc_clinicdb,cvc_421,0.9751289302940546,0.9514649784912332,0.9682383759004584,0.0016090866072889,0.3252427184426548,0.8621210446827045,0
cvc_clinicdb,cvc_422,0.8919951239332397,0.8050462080091916,0.8132475378834394,0.0377464042230321,0.2026490066211745,0.8940265133365418,0
cvc_clinicdb,cvc_423,0.978086584713708,0.9571129707106296,0.965611430172293,0.0045683289955324,0.5005662514099596,0.8938979963570473,0
cvc_clinicdb,cvc_425,0.0,0.0,0.0,1.0,0.0,0.87142281338196,0
cvc_clinicdb,cvc_426,0.9597162740892936,0.922552425059922,0.942545170934616,0.0060297818455643,0.4499178981863724,0.8512474872887246,0
cvc_clinicdb,cvc_427,0.971109116134428,0.943840723406882,0.9967408131671148,0.0021493724431964,0.3329369797820102,0.9641337386018384,0
cvc_clinicdb,cvc_428,0.0,0.0,1.0,1.0,0.0,8.943743851168103e-13,1
cvc_clinicdb,cvc_429,0.9936788874836262,0.9874371859285204,0.9977040523476064,0.0005673858991287,0.7062600320913923,0.932067202337514,0
cvc_clinicdb,cvc_43,0.9776233944575672,0.9562262958265546,0.998869691587276,0.0015687005795056,0.4751773049561139,0.9359170491246508,0
cvc_clinicdb,cvc_430,0.9939117199385352,0.9878971255661724,0.9955607476635514,0.0006496434234774,0.6955128205016745,0.9143326800278724,0
cvc_clinicdb,cvc_431,0.9881747356698746,0.9766258765282874,0.9914115528466546,0.0008308050958309,0.6421052631466297,0.9316549426138974,0
cvc_clinicdb,cvc_432,0.9853688587704782,0.9711596842734556,0.9856269113149848,0.0024622897037791,0.4977375565535786,0.936385953677054,0
cvc_clinicdb,cvc_433,0.9956259112679672,0.9912899211934972,0.9962577962577964,0.000453792636087,0.7572519083853855,0.9700908898753065,0
cvc_clinicdb,cvc_434,0.9922375970295588,0.9845947756186156,0.9952861952861952,0.0015294174660341,0.6589259796711331,0.9618897947156656,0
cvc_clinicdb,cvc_435,0.9882584373264964,0.9767894033285006,0.9842644547450596,0.0011639250968825,0.6295081967109917,0.9702208201892932,0
cvc_clinicdb,cvc_436,0.9930868650429858,0.9862686567152402,0.991977008741468,0.0007069209367988,0.6644628099063725,0.9399809463322072,0
cvc_clinicdb,cvc_437,0.9923451635345149,0.9848066298330176,0.9923115704562642,0.0007598037132005,0.716917922936065,0.9499175189706698,0
cvc_clinicdb,cvc_438,0.5689117205949821,0.3975378240338254,0.399898643756938,0.14505196482624,0.3069053708413733,0.5803997816892515,0
cvc_clinicdb,cvc_439,0.945950954351136,0.8974449132666461,0.9367149180523986,0.0089133213444208,0.4670487105950279,0.9430466891976824,0
cvc_clinicdb,cvc_44,0.990606044338939,0.981386938948116,0.988153681963714,0.0008069910307735,0.5897810218892002,0.966082000774655,0
cvc_clinicdb,cvc_440,0.9784843667186236,0.9578750778149868,0.968495722929272,0.0022628775466255,0.591966173349007,0.8417326502097422,0
cvc_clinicdb,cvc_441,0.9840013762240084,0.9685066034508348,0.9975945017182132,0.0006457016151508,0.7409326424678515,0.9128971962618452,0
cvc_clinicdb,cvc_442,0.1773563572823061,0.0973072042858882,0.0978953901709642,0.2127612160087581,0.0657174151142856,0.8545358370803299,0
cvc_clinicdb,cvc_443,0.9727835359026374,0.9470092915201118,0.9521106259097526,0.0048568158478438,0.6610169491413387,0.9426375844136128,0
cvc_clinicdb,cvc_444,0.9964374131990844,0.9929001203357484,0.9962632594021216,0.0003876719442313,0.8328075709647822,0.9415219611849198,0
cvc_clinicdb,cvc_445,0.980980406229462,0.9626707987033648,0.9640541302509162,0.0047697326455381,0.6642857142778061,0.9674753681534176,0
cvc_clinicdb,cvc_446,0.9589063193124334,0.9210567090169498,0.9392351607100962,0.0107887792077927,0.5434782608630014,0.912524298805922,0
cvc_clinicdb,cvc_447,0.9458450046670622,0.8972542072604156,0.9006211180124224,0.0074423973219308,0.5879518072147482,0.9142108709890076,0
cvc_clinicdb,cvc_448,0.992562929061075,0.9852356615545356,0.9872104590024158,0.0001905783134931,0.682926829256395,0.9506395786305863,0
cvc_clinicdb,cvc_449,0.9635517642487752,0.9296670407764128,0.9475174627147442,0.0049237761355259,0.5010183299286961,0.9514181960938743,0
cvc_clinicdb,cvc_45,0.9880836912837826,0.9764480350527504,0.9961277831558568,0.0010570169623417,0.6123778501528928,0.9281800681179267,0
cvc_clinicdb,cvc_450,0.9849130862561744,0.970274636507366,0.9779435614661044,0.0009499457026284,0.684782608677044,0.9563106796117262,0
cvc_clinicdb,cvc_451,0.9859437750984218,0.9722772277189216,0.9935948759007206,0.0007880610939267,0.7202380952166596,0.9311758360303536,0
cvc_clinicdb,cvc_452,0.9604139092757064,0.923842592590454,0.931443179177318,0.005080183335598,0.6157407407264874,0.9508876506415046,0
cvc_clinicdb,cvc_453,0.9842883548971992,0.9690627843472042,0.9949297073058307,0.0008562433284459,0.6341463414493538,0.949386685721151,0
cvc_clinicdb,cvc_454,0.9774479017977608,0.9558905639294306,0.9580771380659586,0.0039915685757062,0.6595744680734118,0.9675251959686691,0
cvc_clinicdb,cvc_455,0.9493155075312716,0.9035210040082764,0.904683003401064,0.0130918708382188,0.4551539491237596,0.8933545986178132,0
cvc_clinicdb,cvc_456,0.9666943444962788,0.9355357142848788,0.9383047210300428,0.0071790016639587,0.5200553250273852,0.9329783756013578,0
cvc_clinicdb,cvc_457,0.8742473165193846,0.7765891472862196,0.874376380142308,0.0362314759445148,0.3945147679283279,0.8565851001044824,0
cvc_clinicdb,cvc_458,0.0,0.0,0.0,1.0,0.0,0.4310861423223637,1
cvc_clinicdb,cvc_459,0.9893515877533852,0.9789275634976878,0.9897843359818388,0.0010042295359389,0.7413441955042496,0.8864910610389437,0
cvc_clinicdb,cvc_46,0.9861826872798668,0.97274200677623,0.9870881567230632,0.0023176245852479,0.594957983183278,0.9669905907759008,0
cvc_clinicdb,cvc_460,0.9429856850708032,0.892121962543117,0.9248937175247992,0.0076001823245507,0.3798882681493503,0.9251773049646054,0
cvc_clinicdb,cvc_461,0.9749849909939464,0.9511909410374187,0.9647444298820446,0.0020579965855732,0.4228187919392144,0.9398539309752686,0
cvc_clinicdb,cvc_462,0.9655309229772526,0.9333589030578834,0.9698124267291912,0.0050664010796572,0.5299363057257332,0.8469427786808009,0
cvc_clinicdb,cvc_463,0.9909755049415984,0.9821124361150828,0.9994532104358694,0.0003950341937784,0.5850515463842132,0.9459602757045776,0
cvc_clinicdb,cvc_464,0.9588483972810194,0.920949835525369,0.9457517700957934,0.0080473293058109,0.3957382039513586,0.9648943421949756,0
cvc_clinicdb,cvc_465,0.9870718050063844,0.9744736200304956,0.9836654688010454,0.0020443849680023,0.5487708168077021,0.6646015985840461,0
cvc_clinicdb,cvc_466,0.987135847221172,0.9745984636863,0.9869126043039088,0.0013758376716223,0.5760430686328931,0.9687678453766884,0
cvc_clinicdb,cvc_467,0.0,0.0,0.0,1.0,0.0,0.8983377624928882,0
cvc_clinicdb,cvc_468,0.0,0.0,1.0,1.0,0.0,8.45737483084535e-13,1
cvc_clinicdb,cvc_469,0.9785346534649588,0.9579714640191084,0.9916390597886102,0.0034198049498056,0.4018161180431122,0.9020315680326042,0
cvc_clinicdb,cvc_47,0.9842820353427828,0.969050533309172,0.9829195280859306,0.0017855754458184,0.4713715046541761,0.9500642555535386,0
cvc_clinicdb,cvc_470,0.0,0.0,1.0,1.0,0.0,1.0046212577848057e-12,1
cvc_clinicdb,cvc_471,0.0,0.0,1.0,1.0,0.0,4.64792005577288e-13,1
cvc_clinicdb,cvc_472,0.9343328195785032,0.8767585572157265,0.9336223245732864,0.0069514061203066,0.2071767095449751,0.9077754373111302,0
cvc_clinicdb,cvc_473,0.9382213565133768,0.8836317835820143,0.8963007883565798,0.0066508374515289,0.1764206955031686,0.9347537421535688,0
cvc_clinicdb,cvc_474,0.981533204978447,0.963736088183096,0.9817820292347378,0.0041392297890455,0.3939105613663757,0.9258930253842832,0
cvc_clinicdb,cvc_475,0.976831922611614,0.954713056631864,0.9913315675415364,0.0045803340863551,0.3378256963132271,0.8967616813999872,0
cvc_clinicdb,cvc_476,0.9766949742444728,0.954451458423512,0.983925316245926,0.0055157481062912,0.3974706413694899,0.8768310514422765,0
cvc_clinicdb,cvc_477,0.9784762743584228,0.957859567817558,0.9917767666246368,0.0035039589048589,0.4494584837504562,0.8978490356377761,0
cvc_clinicdb,cvc_478,0.0,0.0,0.0,1.0,0.0,0.9188312430036966,0
cvc_clinicdb,cvc_479,0.9900798049210292,0.9803544970636116,0.9978962520068648,0.0015368554938649,0.679405520162639,0.9680156104182664,0
cvc_clinicdb,cvc_48,0.9783699601998802,0.9576558265566436,0.993789891323098,0.0013701526089481,0.3920145190491467,0.9253593807593758,0
cvc_clinicdb,cvc_480,0.9827366272639446,0.9660591874263132,0.974974806852536,0.003496258976178,0.5822532402733573,0.9320082125747816,0
cvc_clinicdb,cvc_481,0.9700786504043742,0.9418958552371524,0.9546593884030524,0.0059157443113009,0.5137055837511298,0.911292525264814,0
cvc_clinicdb,cvc_482,0.9928834039257396,0.9858673839712284,0.9876495726495726,0.0011978712169034,0.5999999999941749,0.955860509455305,0
cvc_clinicdb,cvc_483,0.9916417910445648,0.9834221432796314,0.9903242233916144,0.0021337717874258,0.6654099905686578,0.9668325771924487,0
cvc_clinicdb,cvc_484,0.9898277567791304,0.9798603786846568,0.9958989418257304,0.0013383401057363,0.5067778936339231,0.9601231797066756,0
cvc_clinicdb,cvc_485,0.9920169139354093,0.984160277736884,0.9996355419491216,0.0011920599880592,0.6592317224205795,0.9546385925245692,0
cvc_clinicdb,cvc_486,0.9910512519199212,0.9822612435029884,0.9951307484220018,0.0007431593988952,0.7350096711656671,0.9562516638566366,0
cvc_clinicdb,cvc_487,0.995875179339582,0.991784247186112,0.9994621246077992,0.0005709230875617,0.7773386034153184,0.9741197183098704,0
cvc_clinicdb,cvc_488,0.9947635344077044,0.9895816242813866,0.9977759472817134,0.0007897328433862,0.779487179477186,0.9771435682581916,0
cvc_clinicdb,cvc_489,0.964752813791001,0.9319057580092118,0.9403438934041024,0.0114416359202355,0.4170212765927871,0.9363116061888056,0
cvc_clinicdb,cvc_49,0.989471478706726,0.9791623470858604,0.9930055329366322,0.0008163916846822,0.645441389281542,0.955532686995637,0
cvc_clinicdb,cvc_490,0.9754054261777558,0.9519915985295644,0.9594879518072288,0.0085895715073415,0.3711001642015813,0.9737639218975744,0
cvc_clinicdb,cvc_491,0.9723418306694036,0.9461724332934316,0.9496806757313556,0.0072355164031571,0.4488579940372507,0.922028502499584,0
cvc_clinicdb,cvc_492,0.9899204023523932,0.9800419735809308,0.9893744573531236,0.0024242799419495,0.6411398040904619,0.9611619425427174,0
cvc_clinicdb,cvc_493,0.9806252447759624,0.9619869824620492,0.9668766142552904,0.0047763879273484,0.5236768802179789,0.9632645464486044,0
cvc_clinicdb,cvc_494,0.9921500097081934,0.9844223041773632,0.99640048731864,0.0018055206811269,0.6652360514950082,0.9752323704569558,0
cvc_clinicdb,cvc_495,0.989523079424585,0.9792634144094076,0.9794454407504484,0.002943519600035,0.6416510318889151,0.9567720622935448,0
cvc_clinicdb,cvc_496,0.965055724672076,0.932471194515566,0.9366138855054812,0.010524324099024,0.5637583892563398,0.9434326010857026,0
cvc_clinicdb,cvc_497,0.9764978251717674,0.9540749880044432,0.958011859245862,0.0047753649737205,0.3616894705510905,0.939807316224557,0
cvc_clinicdb,cvc_498,0.9913206739239792,0.98279071286256,0.9974012303036284,0.0002570331624481,0.5008237232248697,0.9604972049112562,0
cvc_clinicdb,cvc_499,0.9774914985874202,0.9559739574165208,0.9629511902239176,0.0068170098722923,0.552083333328541,0.9643727051296098,0
cvc_clinicdb,cvc_5,0.9434879950586954,0.8930215564480138,0.932562476687803,0.0140398338644698,0.5167737330441344,0.7704644598409769,0
cvc_clinicdb,cvc_50,0.9828571428557028,0.9662921348286768,0.9863213038416764,0.0012165772208952,0.6633906633743638,0.9278383072794444,0
cvc_clinicdb,cvc_500,0.9799615877077528,0.9607104751139393,0.99171182658591,0.0031236968053321,0.5678449258772196,0.9448042341957512,0
cvc_clinicdb,cvc_501,0.9786778040333632,0.9582458972284325,0.9781497988911838,0.0063440399128353,0.5191146881235501,0.965671257193585,0
cvc_clinicdb,cvc_502,0.9924985302760748,0.9851087666879912,0.9861286254728878,0.0017530345208227,0.5768087215007254,0.95106735549275,0
cvc_clinicdb,cvc_503,0.995599123996038,0.9912368136884327,0.9980413402233704,0.0004266804396397,0.7290076335808302,0.973339300556236,0
cvc_clinicdb,cvc_504,0.9891693163747072,0.978570726431752,0.9974198670239158,0.0011684569431725,0.5927007299183548,0.972742590940642,0
cvc_clinicdb,cvc_505,0.9910345717231066,0.9822284727987072,0.993186346982066,0.001036243871275,0.58628841606872,0.973362459652449,0
cvc_clinicdb,cvc_506,0.9725934183664676,0.9466490051290948,0.9602951610614446,0.0047987276076041,0.2771084337330849,0.8591392607592581,0
cvc_clinicdb,cvc_507,0.962560508269342,0.927823276385592,0.9869752529806632,0.0131273433613936,0.2052980132436735,0.9649421501982224,0
cvc_clinicdb,cvc_508,0.9897741925807452,0.9797554025166352,0.9982622243528284,0.0022309097337407,0.4487471526144789,0.9616869796066244,0
cvc_clinicdb,cvc_509,0.9829914359685388,0.9665517781599824,0.9730430682175416,0.0013005840872597,0.4283837056448307,0.9617780635826688,0
cvc_clinicdb,cvc_510,0.9769129864446974,0.9548679374297332,0.9588865096359744,0.0013838719207982,0.3346828609941338,0.9597890573500506,0
cvc_clinicdb,cvc_511,0.9746130030953046,0.9504830917861642,0.9596872050694352,0.0030389925838171,0.520547945196566,0.9476888228215844,0
cvc_clinicdb,cvc_512,0.9934215389156674,0.9869290644720417,0.998670409218496,0.0002158026369549,0.7182320441856679,0.95057034220536,0
cvc_clinicdb,cvc_513,0.9704446157793816,0.9425861208175954,0.9493987975951904,0.0033267871430505,0.5601317957074113,0.9393881816454878,0
cvc_clinicdb,cvc_514,0.9831544178360928,0.96686698067162,0.9870374928213964,0.0019471252210181,0.4631828978567318,0.9089382017505486,0
cvc_clinicdb,cvc_515,0.9865915492952188,0.9735379141639164,0.9964008547969856,0.0008300984505759,0.5835616438276224,0.9668881759853536,0
cvc_clinicdb,cvc_516,0.98513913109372,0.9707134852439516,0.9876422274131564,0.0010734270550452,0.3859649122758651,0.976166117236946,0
cvc_clinicdb,cvc_517,0.9878441793402002,0.9759803373913796,0.989538807649044,0.0012673568972881,0.5746031745940539,0.9640396085471284,0
cvc_clinicdb,cvc_518,0.9915381465804616,0.9832182974678804,0.9904917142080956,4.914670007374583e-05,0.6412478336110702,0.965497935474865,0
cvc_clinicdb,cvc_519,0.994015325241626,0.9881018569993394,0.9920891364902508,0.0001334633357808,0.6289592760109847,0.9788410539976362,0
cvc_clinicdb,cvc_520,0.9926744865397078,0.9854555188716938,0.994710891976692,0.0006750777413878,0.5459940652764985,0.982457730837228,0
cvc_clinicdb,cvc_521,0.9725256537565742,0.9465206185558296,0.9511902565048902,0.0042424438799009,0.3711048158587662,0.9549412380454132,0
cvc_clinicdb,cvc_522,0.9783494651038088,0.9576165544739996,0.99415873015873,0.0008695850042903,0.3853820597942627,0.9465320742429524,0
cvc_clinicdb,cvc_523,0.984006656188422,0.9685168334832238,0.9887847030704172,0.0015063811535888,0.6403162055209424,0.933772269558546,0
cvc_clinicdb,cvc_524,0.9890245102862022,0.9782873277829812,0.9986228605154436,0.0015666932577354,0.4391752577274311,0.9791858812972108,0
cvc_clinicdb,cvc_525,0.9948624172757772,0.9897773542398078,1.0,0.0004138520523006,0.7232876712229687,0.9722085916938162,0
cvc_clinicdb,cvc_526,0.9906316769840624,0.9814372557522996,0.9985765903865104,0.0003653491230317,0.5947611710231931,0.9628376473242188,0
cvc_clinicdb,cvc_527,0.9904330597220546,0.9810474374778724,0.9976252403030644,0.0007207721400946,0.6504559270417863,0.973965248513552,0
cvc_clinicdb,cvc_528,0.9890169737673644,0.9782725803546612,0.995110467222021,0.0003200639766457,0.5159500693409715,0.9747720224043074,0
cvc_clinicdb,cvc_529,0.4493813657799922,0.2898077940395963,0.2916298781564542,0.1249622720981652,0.1484716157183628,0.8293823038400178,0
cvc_clinicdb,cvc_53,0.9746974697416134,0.9506437768138344,0.9548387096774194,0.0012896747480248,0.6634615384296413,0.923346986542286,0
cvc_clinicdb,cvc_530,0.0,0.0,0.0,1.0,0.0,0.3037716615702441,1
cvc_clinicdb,cvc_531,0.5470295429565278,0.3764904787325355,0.3768580329327993,0.1037634371356946,0.1616161616138295,0.807183628010849,0
cvc_clinicdb,cvc_532,0.9538526672301504,0.9117766086586164,0.9974630021141648,0.0010511133242695,0.3729433272326701,0.8538210003635051,0
cvc_clinicdb,cvc_533,0.962470308788272,0.9276556776550708,0.9276556776556776,0.0043188029671327,0.3184296619376398,0.4723962996123185,1
cvc_clinicdb,cvc_534,0.9442658742186038,0.89441636029309,0.927185600748013,0.0011470928950529,0.3109919571003888,0.8286874154263676,0
cvc_clinicdb,cvc_535,0.6432553761492132,0.4741167680646418,0.4752189703054902,0.0675529049339316,0.0905077262683166,0.5169531996181483,0
cvc_clinicdb,cvc_536,0.9537774296942736,0.9116391260949008,0.977088948787062,0.0058692332895601,0.3203203203187171,0.33374905240522,1
cvc_clinicdb,cvc_537,0.9706546275385508,0.9429824561385528,0.9534125766871164,0.0018730119388096,0.3878326996123986,0.9155416012559754,0
cvc_clinicdb,cvc_538,0.650890807738195,0.4824596937531536,0.4843838727995457,0.0583006587631711,0.103626943003839,0.5358727154435821,0
cvc_clinicdb,cvc_539,0.9613227044576548,0.9255258669688168,0.9714784633294528,0.0020579747490667,0.3074968233760166,0.9188344172086552,0
cvc_clinicdb,cvc_54,0.0,0.0,1.0,1.0,0.0,2.252252252201526e-11,1
cvc_clinicdb,cvc_540,0.9671434881584156,0.9363773932489398,0.961412862379207,0.0097343090475991,0.4218258132169797,0.9659631919278172,0
cvc_clinicdb,cvc_541,0.9108262548259736,0.8362543247683987,0.8371921461809102,0.0276728094531664,0.2544031311129706,0.4693197072708313,1
cvc_clinicdb,cvc_542,0.9631370348284938,0.9288952033012216,0.9773215895693182,0.0076783479530634,0.4751445086677737,0.3674672678402939,1
cvc_clinicdb,cvc_543,0.9668251566887384,0.9357807760689594,0.9455481972038264,0.0029308271624031,0.3430799220239466,0.6507813052394645,0
cvc_clinicdb,cvc_544,0.955224956738974,0.914287686043359,0.990956288728856,0.0067788729671855,0.3097345132726232,0.5046517068255917,0
cvc_clinicdb,cvc_545,0.5037576560170489,0.336681860423801,0.3376289801160267,0.1377760976306953,0.1281790437423379,0.4349151368204244,1
cvc_clinicdb,cvc_546,0.950459965927802,0.9055966757552192,0.9682135193133048,0.0034485554658847,0.2222222222190967,0.8840440470032636,0
cvc_clinicdb,cvc_547,0.9811653914038224,0.9630271519297342,0.9871345029239766,0.001049898641713,0.6350364963271884,0.433849455772752,1
cvc_clinicdb,cvc_548,0.9796563302370538,0.9601238869494382,0.9909555642941408,0.0013609469788488,0.5427728613409212,0.5179407176292422,0
cvc_clinicdb,cvc_549,0.0,0.0,0.0,1.0,0.0,0.535313531354669,0
cvc_clinicdb,cvc_55,0.0,0.0,0.0,1.0,0.0,1.5037593984736276e-11,1
cvc_clinicdb,cvc_550,0.977140847546178,0.9553034210057498,0.9975412715138744,0.000704539219829,0.4681647939987235,0.7912699081488234,0
cvc_clinicdb,cvc_551,0.9922994269332088,0.9847165452266132,0.9989260783962772,0.0004333362336241,0.732177263955064,0.8123463071315082,0
cvc_clinicdb,cvc_552,0.9678760222288132,0.9377517072308372,0.9850224215246636,0.0057495433407351,0.4354838709618887,0.6100888140711616,0
cvc_clinicdb,cvc_553,0.0,0.0,0.2435338959978219,0.3340142007270114,0.0,0.2742998352561014,1
cvc_clinicdb,cvc_554,0.0,0.0,0.2145091434071222,0.3360993813105487,0.0,0.2747459540842352,1
cvc_clinicdb,cvc_555,0.9872909698963636,0.9749009246963348,0.998663101604278,0.000629959190908,0.7567567567275383,0.2692047758512398,1
cvc_clinicdb,cvc_556,0.0,0.0,0.1615480649188514,0.2855646248077085,0.0,0.2338643067855647,1
cvc_clinicdb,cvc_557,0.0,0.0,0.2743108728943338,0.2874750018447909,0.0,0.322331169728874,1
cvc_clinicdb,cvc_558,0.993224392184164,0.9865399841568764,0.9976114649681528,0.0001547768104844,0.8583690986756064,0.2831351196456754,1
cvc_clinicdb,cvc_559,0.0,0.0,1.0,1.0,0.0,2.6809651473812077e-11,1
cvc_clinicdb,cvc_56,0.9827722459285874,0.9661280298291915,0.9673507462686568,0.0015900569360524,0.6233766233604318,0.9188386671066994,0
cvc_clinicdb,cvc_560,0.0,0.0,1.0,1.0,0.0,2.531645569613844e-12,1
cvc_clinicdb,cvc_561,0.0,0.0,0.3619260918253079,0.2619866116144796,0.0,0.3660130718962881,1
cvc_clinicdb,cvc_562,0.9773737373717628,0.955748715918784,0.9871537535126456,0.0011021056003826,0.6376811594018064,0.350642566085727,1
cvc_clinicdb,cvc_563,0.9623764538846926,0.9274813177550494,0.972745879564796,0.0053013673858192,0.4374999999940557,0.8468185388845956,0
cvc_clinicdb,cvc_564,0.732537203747664,0.5779555864784728,0.5835563831025253,0.0499144827027562,0.2505643340829507,0.807054144799098,0
cvc_clinicdb,cvc_565,0.9454175152730236,0.8964851293901256,0.9838383838383838,0.0037142393980015,0.2536023054681959,0.2811603980441211,1
cvc_clinicdb,cvc_566,0.0,0.0,1.0,1.0,0.0,2.88018433178894e-12,1
cvc_clinicdb,cvc_567,0.9610666666615412,0.9250513346927612,0.9633507853403142,0.0002066570580772,0.5209302325339102,0.3372323990303746,1
cvc_clinicdb,cvc_568,0.981754995647422,0.964163822509144,0.991349480968858,0.0005245255596327,0.8072289156140223,0.4860968074176823,1
cvc_clinicdb,cvc_569,0.0,0.0,0.0,1.0,0.0,0.32683082827206,1
cvc_clinicdb,cvc_57,0.9936635944671842,0.9874069833944624,0.997698504027618,0.0001418053778368,0.84912280698775,0.8553945249602081,0
cvc_clinicdb,cvc_570,0.9792046698249574,0.9592566118587617,0.983357452966715,0.0014487868909963,0.6147540983354609,0.7857142857149182,0
cvc_clinicdb,cvc_571,0.9678878335550978,0.93777388255094,0.9428822495606328,0.0014787634351333,0.6147186146920035,0.3266090297803523,1
cvc_clinicdb,cvc_572,0.969672785314276,0.9411309062723836,0.9604928613338548,0.0032057763185889,0.4745098039122645,0.9214069512577796,0
cvc_clinicdb,cvc_573,0.1103536259617628,0.0583990885691132,0.1186281942648173,0.2618242535471033,0.0464576074326776,0.1078968573734456,1
cvc_clinicdb,cvc_574,0.0,0.0,1.0,1.0,0.0,4.422821760263499e-12,1
cvc_clinicdb,cvc_575,0.9351944167484189,0.8782771535557029,0.8853383458646616,0.0044781903054522,0.3603238866323821,0.761288685946523,0
cvc_clinicdb,cvc_576,0.0,0.0,1.0,1.0,0.0,1.7702248185488225e-12,1
cvc_clinicdb,cvc_578,0.0,0.0,0.0,1.0,0.0,1.8109380659148666e-12,1
cvc_clinicdb,cvc_579,0.9894562255651052,0.9791324736213608,0.998342803030303,0.0012166318130505,0.6346749225907945,0.7735002803215411,0
cvc_clinicdb,cvc_58,0.979322228601438,0.9594822734892544,0.9874429223744292,0.0011453917155841,0.6968641114739769,0.8572347266885619,0
cvc_clinicdb,cvc_580,0.66083513650354,0.4934680968093416,0.4965550502962657,0.0943499505177028,0.2866972477031342,0.9249380267724592,0
cvc_clinicdb,cvc_581,0.9788763478145036,0.9586266518451788,0.9953447408152994,0.0030101696174908,0.5854383358011079,0.5707383361016266,0
cvc_clinicdb,cvc_582,0.982354993298022,0.9653218822167418,0.977668034423908,0.0023649169121634,0.373475609753251,0.4855157729591849,1
cvc_clinicdb,cvc_583,0.9561139497443556,0.9159179294619432,0.9760719225449516,0.0141160668603646,0.3029016277402484,0.2966771454595597,1
cvc_clinicdb,cvc_584,0.9462637543108974,0.8980081668274374,0.9547979068348904,0.0169958938711777,0.1849489795906572,0.1723464420023985,1
cvc_clinicdb,cvc_585,0.0,0.0,1.0,1.0,0.0,4.1373603640705945e-12,1
cvc_clinicdb,cvc_586,0.3304765422976244,0.1979466300835518,0.2052001246605226,0.2096481150249599,0.1522727272709969,0.3270626573843405,1
cvc_clinicdb,cvc_587,0.9854483925533242,0.971314209469742,0.9919110212335692,0.0003358676099831,0.6125654450101422,0.9135802469137372,0
cvc_clinicdb,cvc_588,0.9156982886099394,0.8445050662476832,0.8582646250490773,0.0073128555731098,0.4497041419985294,0.9075514874143992,0
cvc_clinicdb,cvc_589,0.982194141296224,0.965011286678085,0.9739229024943312,0.0004535800971272,0.6685714285523265,0.9422468354431522,0
cvc_clinicdb,cvc_59,0.9793729372896892,0.9595796281248216,0.9771615008156608,0.0012838319332926,0.7591836734384007,0.9399916072180444,0
cvc_clinicdb,cvc_590,0.2247596153844925,0.1266079891671529,0.1374596072582649,0.180888651589893,0.101408450702797,0.230269266481386,1
cvc_clinicdb,cvc_591,0.3010452961670375,0.1771944216569506,0.186735031425736,0.1744418508327945,0.1531393568123562,0.2764089493066579,1
cvc_clinicdb,cvc_592,0.9795918367339098,0.9599999999984942,0.9893329087724884,0.0030968978281391,0.628774422724178,0.8682820185827398,0
cvc_clinicdb,cvc_593,0.963207455585901,0.9290262172267248,0.9337338088980665,0.0037025077537502,0.5285996055122564,0.9474127937612526,0
cvc_clinicdb,cvc_594,0.976702149024928,0.954465161921581,0.995991180597314,0.0027100798180021,0.514506769815967,0.9332334688637564,0
cvc_clinicdb,cvc_595,0.0,0.0,0.0,1.0,0.0,3.551136363623753e-12,1
cvc_clinicdb,cvc_596,0.9824120602994506,0.9654320987614592,0.9958211450062684,0.0006456366287546,0.7161125319509946,0.9223867205026416,0
cvc_clinicdb,cvc_597,0.984538928765918,0.969548667748942,0.9824849480021892,0.0009088420283565,0.7777777777550358,0.7496589358807992,0
cvc_clinicdb,cvc_598,0.943955534968436,0.8938596491201934,0.9225289403383792,0.004380417975512,0.4380952380848072,0.8979020979022764,0
cvc_clinicdb,cvc_599,0.9842931937161322,0.9690721649462336,0.9722349701698026,0.0013171013716057,0.5824411134778921,0.9302032058564556,0
cvc_clinicdb,cvc_6,0.9874277779152956,0.9751677523627492,0.9913584514344972,0.0008422975424232,0.6137750653826175,0.9690660760428278,0
cvc_clinicdb,cvc_60,0.988451882843534,0.97716743877903,0.999665327978581,0.0004370583533458,0.7089947089759525,0.920478536242223,0
cvc_clinicdb,cvc_600,0.9798444691313656,0.9604853764769128,0.9694728068347572,0.0028082617865813,0.5323943661896846,0.9325683122195464,0
cvc_clinicdb,cvc_601,0.9265847804596028,0.8632118900422686,0.8845284022881469,0.0093992120986152,0.3097199340970392,0.9270182652012912,0
cvc_clinicdb,cvc_602,0.9795918367340116,0.9599999999986896,0.9675208989995888,0.0021540656165181,0.5673534072810245,0.9403263055949188,0
cvc_clinicdb,cvc_603,0.9907380095563738,0.9816460135597594,0.9977607542722452,0.000487422985518,0.628654970751043,0.941242796291693,0
cvc_clinicdb,cvc_604,0.9754233379449327,0.9520257234714444,0.9651689757866114,0.0037203555390043,0.602055800284845,0.934328358209002,0
cvc_clinicdb,cvc_605,0.9889737065295604,0.978187919460352,0.9804031354983204,0.0005580741877324,0.7432432432265035,0.887557167639351,0
cvc_clinicdb,cvc_606,0.9543066026948204,0.9126065108129504,0.9505347593582888,0.0046692016005695,0.5372549019502499,0.8651501822296529,0
cvc_clinicdb,cvc_607,0.9573459715625174,0.9181818181791256,0.9461469800654568,0.0035753709122287,0.5807962529137987,0.7575993764618909,0
cvc_clinicdb,cvc_608,0.6105488908246025,0.4394173258726225,0.4401119583051829,0.1059796025623826,0.3455497382153724,0.4170587342545021,1
cvc_clinicdb,cvc_609,0.98887594024686,0.9779966471060814,0.9909301835055896,0.0010761725714995,0.7058823529273356,0.9259763851045344,0
cvc_clinicdb,cvc_61,0.0,0.0,0.0,1.0,0.0,4.568296025561589e-12,1
cvc_clinicdb,cvc_610,0.983315233487034,0.9671780928316815,0.9876373626373628,0.0015763403401288,0.684512428285191,0.9168819982774368,0
cvc_clinicdb,cvc_611,0.9925880172936044,0.985285101162916,0.9958906924183276,0.0006806913633752,0.7852998065612128,0.9025361082680512,0
cvc_clinicdb,cvc_612,0.9513578036392848,0.9072282299348116,0.955075845974329,0.0036880084055269,0.4329411764604013,0.747673586256715,0
cvc_clinicdb,cvc_62,0.979902557853289,0.9605970149196384,0.985489721886336,0.0010674519764001,0.7188612099388305,0.8979458754486536,0
cvc_clinicdb,cvc_63,0.9881734559757288,0.976623376617035,0.9895424836601308,0.0009156050382879,0.7509293680018242,0.9361842105265256,0
cvc_clinicdb,cvc_64,0.9903686482863155,0.9809210526251256,0.9940397350993376,0.0004849173295141,0.8172043010459783,0.9091564527761026,0
cvc_clinicdb,cvc_65,0.9754343918484858,0.9520467836201636,0.9716479621972828,0.0018156138602434,0.7132867132617732,0.8857884490594231,0
cvc_clinicdb,cvc_66,0.9742240925802887,0.9497435897387192,0.9577754891864058,0.002288399912007,0.7392739273683407,0.9036525740583732,0
cvc_clinicdb,cvc_67,0.9775483870942516,0.9560827864666528,0.984126984126984,0.0007638702686315,0.7468354430143407,0.9223167718915116,0
cvc_clinicdb,cvc_68,0.0,0.0,0.0,1.0,0.0,1.517680983454974e-12,1
cvc_clinicdb,cvc_69,0.0,0.0,0.0,1.0,0.0,0.5753307725147774,0
cvc_clinicdb,cvc_7,0.9840250117775956,0.9685523986169088,0.9877410292427532,0.0028567103045469,0.4013266998308348,0.9712337523971936,0
cvc_clinicdb,cvc_70,0.0,0.0,1.0,1.0,0.0,3.2797638569915397e-12,1
cvc_clinicdb,cvc_71,0.0,0.0,1.0,1.0,0.0,1.1454753722663748e-11,1
cvc_clinicdb,cvc_72,0.9671170022916974,0.936327739383335,0.9556331006979064,0.0014659215552029,0.6153846153648915,0.6499377851521154,0
cvc_clinicdb,cvc_73,0.98764342453227,0.9755884917090184,0.9842381786339754,0.0007357712436121,0.8119658119311125,0.4269662921361728,1
cvc_clinicdb,cvc_74,0.0,0.0,0.0,1.0,0.0,3.644314868791384e-12,1
cvc_clinicdb,cvc_75,0.943673931500301,0.8933547695557699,0.9253405994550408,0.00464957383128,0.5663716813992221,0.7247292418778775,0
cvc_clinicdb,cvc_76,0.0,0.0,1.0,1.0,0.0,5.235602094213427e-12,1
cvc_clinicdb,cvc_77,0.9801568989363632,0.96108597284633,0.9646418857660924,0.000999130566698,0.6288951841181616,0.7005807200936107,0
cvc_clinicdb,cvc_78,0.0,0.0,0.0,1.0,0.0,0.9224528752089658,0
cvc_clinicdb,cvc_79,0.946983546615752,0.8993055555516524,0.9927140255009108,0.0033768860158138,0.3048780487711927,0.9010367577759164,0
cvc_clinicdb,cvc_8,0.0,0.0,0.0,1.0,0.0,0.9522700814901148,0
cvc_clinicdb,cvc_80,0.0,0.0,0.0,1.0,0.0,0.8847894187264713,0
cvc_clinicdb,cvc_81,0.936392716534857,0.8803932909185882,0.9711410209773252,0.0138325486786397,0.1897810218950397,0.908679049899742,0
cvc_clinicdb,cvc_82,0.9828434632251858,0.9662656903740422,0.9944297082228116,0.0013438367709012,0.6845637583739471,0.951167158572644,0
cvc_clinicdb,cvc_83,0.9868480725619514,0.9740376007154112,0.9829136690647482,0.0017806117348949,0.4761904761843476,0.8009955201593822,0
cvc_clinicdb,cvc_84,0.94267861993938,0.8915724563191306,0.9102231447846392,0.0070176682462775,0.2795275590496155,0.9293002257336982,0
cvc_clinicdb,cvc_85,0.9863894705347096,0.9731444591988,0.9836819462987688,0.0019208362632054,0.6128440366860028,0.922337100264549,0
cvc_clinicdb,cvc_86,0.978028554329334,0.9570018403865534,0.9596247277600938,0.0029966890332506,0.5802707930255266,0.9269363966551846,0
cvc_clinicdb,cvc_87,0.9874886946028132,0.975286586272182,1.0,0.0001909255121299,0.5729537366446094,0.9649942550747108,0
cvc_clinicdb,cvc_88,0.9865444617775092,0.973446218970611,0.9968847352024922,0.0009822883568903,0.567901234556216,0.93078906652921,0
cvc_clinicdb,cvc_89,0.9932465498668952,0.986583706006248,0.9974584555229716,0.0004831162607533,0.7310924369594308,0.9593609585621974,0
cvc_clinicdb,cvc_9,0.9313778743428106,0.8715689596732098,0.893383613301337,0.0075465973378112,0.3989769820920847,0.54469315519241,0
cvc_clinicdb,cvc_90,0.9951655568722108,0.9903776325326972,0.9929103799309216,0.0005241091861411,0.8024691357859575,0.9602561687700506,0
cvc_clinicdb,cvc_91,0.9953232462164188,0.990690032856899,0.9939659901261656,0.0001784112914857,0.7919191919031935,0.9288719303395668,0
cvc_clinicdb,cvc_92,0.9840956454963428,0.9686892679745872,0.9798045602605864,0.0021349430016631,0.6475770924967494,0.9312094395281046,0
cvc_clinicdb,cvc_93,0.0,0.0,0.0,1.0,0.0,0.952178798851352,0
cvc_clinicdb,cvc_94,0.9888922857423936,0.9780286232594678,0.985231640704026,0.0011875475781389,0.654244306404674,0.9428143071322096,0
cvc_clinicdb,cvc_95,0.9958458119978786,0.9917259957648804,0.9940281256020036,0.0001506594180078,0.8442622950646668,0.9298227640611312,0
cvc_clinicdb,cvc_96,0.986693548386102,0.973736569834911,0.9760956175298804,0.0011479230746997,0.7225548902051386,0.9093261455526584,0
cvc_clinicdb,cvc_97,0.9747329498757448,0.9507112803026434,0.9812779812779812,0.0019637155076778,0.6435986159058201,0.8180053385102911,0
cvc_clinicdb,cvc_98,0.996666984096278,0.9933561123756706,0.9986676817662732,0.0005205776195463,0.8104956268103426,0.969702912050216,0
cvc_clinicdb,cvc_99,0.9955265848664394,0.9910930143771586,0.9987226976625369,0.0007930263049416,0.8033333333199444,0.960873882820284,0
cvc_colondb,1,0.9853260869538444,0.9710765934602514,0.985968699406368,0.0002031474887266,0.6709265175504496,0.8035013582861349,0
cvc_colondb,100,0.9771459193641908,0.9553131163702198,0.9681722298051868,0.0058414484470039,0.6565400843826453,0.9305065524193769,0
cvc_colondb,101,0.9943115342715962,0.9886874197681412,0.999596644078735,0.0003587902993203,0.6996466431012998,0.9562420093207588,0
cvc_colondb,102,0.8117975730948771,0.6832148754394848,0.6869086592078282,0.060290275378734,0.2797567332729821,0.9310041559606252,0
cvc_colondb,103,0.8744324135520908,0.7768813033357185,0.7844955200623296,0.0412470344301922,0.3107344632746417,0.800210627934559,0
cvc_colondb,104,0.9780696469452188,0.9570805329556432,0.9935941065780518,0.0033112458624403,0.2657004830896481,0.698618409399584,0
cvc_colondb,105,0.0,0.0,1.0,1.0,0.0,2.944120591178548e-13,1
cvc_colondb,106,0.0,0.0,1.0,1.0,0.0,3.9252629926189653e-13,1
cvc_colondb,107,0.0,0.0,1.0,1.0,0.0,5.95096405617356e-13,1
cvc_colondb,108,0.9732929012454884,0.9479752330788214,0.9617975917431192,0.0019040956208427,0.3149038461500612,0.7037567954994987,0
cvc_colondb,109,0.9919326097518252,0.9839943433817676,0.9956679167205484,0.001855196042973,0.7149576669735188,0.9504532717982692,0
cvc_colondb,11,0.957218459218034,0.9179472610343972,0.942073330195094,0.0113833553841296,0.3195177091159042,0.8808940383280859,0
cvc_colondb,110,0.9925686591273962,0.9852469531746608,0.9970502834493248,0.0007891834896203,0.7012552301196548,0.9509290138161146,0
cvc_colondb,111,0.9832045289044226,0.966963914429161,0.9860508514112432,0.0012636384900114,0.3754940711425346,0.8600706140173167,0
cvc_colondb,112,0.9731453507885832,0.9476953252691795,0.9871039466370206,0.0033085876260591,0.4518918918870065,0.8951541850220536,0
cvc_colondb,113,0.9109549512846146,0.8364713216952391,0.851709831531305,0.0148141424603555,0.2631578947336943,0.6898493812489499,0
cvc_colondb,114,0.9849534869195324,0.9703530569553817,0.9926598656382184,0.0007353183034898,0.6204819277014988,0.682982757860527,0
cvc_colondb,115,0.0,0.0,1.0,1.0,0.0,1.4316392269127678e-12,1
cvc_colondb,116,0.0,0.0,1.0,1.0,0.0,2.4850894632145002e-12,1
cvc_colondb,117,0.940563921819176,0.8877967639484534,0.931610707101965,0.0042540460348658,0.2579505300307783,0.7525503170666167,0
cvc_colondb,118,0.7829690251731156,0.6433435478373822,0.6634499396863691,0.0348825799127323,0.2062663185351662,0.7592261239097745,0
cvc_colondb,119,0.7437024631911634,0.5919795600970984,0.6209704784526637,0.0435190151516281,0.2551440329183108,0.9019971625014176,0
cvc_colondb,12,0.0,0.0,0.0,1.0,0.0,0.7806596503589851,0
cvc_colondb,120,0.0,0.0,0.0,1.0,0.0,0.8439945183679572,0
cvc_colondb,121,0.0,0.0,0.0,1.0,0.0,0.9545660581161016,0
cvc_colondb,122,0.8188892299888124,0.6933212792404355,0.6990429970972424,0.0687448092040766,0.3820078226832985,0.956499263937434,0
cvc_colondb,123,0.9816026759742252,0.9638700464116516,0.99832891343045,0.0006291686775139,0.3606837606806779,0.7884051167703632,0
cvc_colondb,124,0.0,0.0,1.0,1.0,0.0,3.025169409486017e-13,1
cvc_colondb,125,0.8602186005366268,0.7547224414625745,0.7624659778558782,0.0519673452543221,0.3276682528869635,0.9452116481537144,0
cvc_colondb,126,0.0,0.0,0.0,1.0,0.0,0.9137674141399252,0
cvc_colondb,127,0.8377434703726359,0.7207905045207432,0.7407341198903588,0.0473077122614756,0.217320261436133,0.8359114139693635,0
cvc_colondb,128,0.9888255013818184,0.9778979817361844,0.9913333723721964,0.0018968289641992,0.5898004434524412,0.8939647478804402,0
cvc_colondb,129,0.8403720900748237,0.7246911555699342,0.7278552065934668,0.0545633154140031,0.4099099099068325,0.9578358408738076,0
cvc_colondb,13,0.9721749696227386,0.9458564842168744,0.985524728588661,0.0008922343437406,0.3135999999949824,0.9010748535754,0
cvc_colondb,130,0.9890677105986676,0.9783718662150828,0.986920949527541,0.0012800367494275,0.5097511768627455,0.9631465732153848,0
cvc_colondb,131,0.9858842743811328,0.972161509259206,0.9990671641791044,0.0008935134478655,0.5684210526230312,0.6839561178598277,0
cvc_colondb,132,0.986848741125427,0.9740389033535196,0.9813220599538816,0.0011630768376775,0.5651214127972944,0.939436338197106,0
cvc_colondb,133,0.9929727650942232,0.9860436050541688,0.9958830507291884,0.0003463783918687,0.6368477103233563,0.9396992156580772,0
cvc_colondb,134,0.9957758190583748,0.991587175410048,0.9963479415670652,0.0002267711246812,0.7613997879028483,0.9601831253828674,0
cvc_colondb,135,0.9813959218872108,0.9634714242510048,0.9742170872605656,0.0016696793331881,0.346504559267006,0.9474671083471524,0
cvc_colondb,136,0.7697767753488441,0.6257212186569826,0.652905701754386,0.0507966165643763,0.2153518123644418,0.7446059578907032,0
cvc_colondb,137,0.7324351342075508,0.5778285230000053,0.5849926689684529,0.0858494418041919,0.326732673265016,0.7125415878878903,0
cvc_colondb,138,0.0,0.0,1.0,1.0,0.0,2.723237384602076e-13,1
cvc_colondb,139,0.9732929012454884,0.9479752330788214,0.9617975917431192,0.0019040956208427,0.3149038461500612,0.7302657994058379,0
cvc_colondb,14,0.9811616441930912,0.9630199320637294,0.9695839495852356,0.0018229573214881,0.3631961259035932,0.9307936075237908,0
cvc_colondb,140,0.9525736689007328,0.9094421637281288,0.9563065960710576,0.0017411504803731,0.4923325262268577,0.9242227979274786,0
cvc_colondb,141,0.9887274496117022,0.9777062071269124,0.9973387403370928,0.0005404913227626,0.5098039215642813,0.932748829331487,0
cvc_colondb,142,0.9928855948156016,0.9858717040531342,0.9886892094269724,0.0007876695689194,0.6330196749304277,0.9624494064333788,0
cvc_colondb,143,0.9898054370998834,0.9798166347859772,0.9866304851413064,0.0023472298513266,0.7366412213670168,0.9435511937078224,0
cvc_colondb,144,0.9894338343314232,0.9790886217497964,0.9903843450389406,0.0007507577000031,0.3176387912837833,0.9644872502015408,0
cvc_colondb,145,0.994640711691754,0.9893385611083092,0.9975461115305791,0.0005563597598987,0.5714285714246279,0.9571972989235866,0
cvc_colondb,146,0.991717049576484,0.98357018648379,0.9989123209861624,0.0012728340058905,0.642335766417497,0.9450429067007654,0
cvc_colondb,147,0.9753462403012924,0.9518788479223323,0.999854988399072,0.0009629299918897,0.2574257425714255,0.9256594724220898,0
cvc_colondb,148,0.7882112369759524,0.6504526704876785,0.667424365427288,0.0508785465241593,0.2868852458986999,0.759108984513996,0
cvc_colondb,149,0.9824987675186664,0.9655995847029016,0.994241573033708,0.0021736692502066,0.3301258327140627,0.9204512996286918,0
cvc_colondb,15,0.970011398026581,0.9417690605197728,0.9481623277182236,0.0015742069098772,0.321989528791597,0.8654595858962725,0
cvc_colondb,150,0.0,0.0,0.0,1.0,0.0,0.9108974836674588,0
cvc_colondb,151,0.96069198842002,0.9243573394181324,0.9859389069751332,0.0009975742123617,0.438053097340287,0.9194437701564242,0
cvc_colondb,152,0.0,0.0,1.0,1.0,0.0,8.227743952601428e-13,1
cvc_colondb,153,0.0,0.0,1.0,1.0,0.0,7.544322897014301e-13,1
cvc_colondb,154,0.0,0.0,0.0,1.0,0.0,8.41892574506784e-13,1
cvc_colondb,155,0.0,0.0,1.0,1.0,0.0,1.0011012113314637e-12,1
cvc_colondb,156,0.9649619634621772,0.9322961373380554,0.9579256360078278,0.0034623595310629,0.4925816023665789,0.8869343953977835,0
cvc_colondb,157,0.9862122788755292,0.9727995894265168,0.981443298969072,0.001233170531331,0.6102819237046387,0.8797768479777687,0
cvc_colondb,158,0.9872002155746517,0.9747239590249106,0.9887459807073956,0.0006510090808167,0.53625632376836,0.8849978383053142,0
cvc_colondb,159,0.9799671977501287,0.9607212587562182,0.99719232569022,0.0020441717732194,0.4290220820121605,0.9125721169086968,0
cvc_colondb,16,0.9774973418624432,0.9559851351808816,0.9770150590992108,0.0037729700887535,0.3930434782574518,0.963489287275914,0
cvc_colondb,160,0.9797257006553488,0.9602571595546928,0.995478343645883,0.0021308666674627,0.5206349206266566,0.8430548860272412,0
cvc_colondb,161,0.9546846677911404,0.9132982540051264,0.9585016525890562,0.0053562482648435,0.4905660377281357,0.845053147996835,0
cvc_colondb,162,0.8926594291459539,0.806129074145168,0.8217419777341192,0.0119582175712658,0.3959390862877167,0.8818001551858938,0
cvc_colondb,163,0.0,0.0,0.0,1.0,0.0,0.9032438792089736,0
cvc_colondb,164,0.989490703314026,0.9791999999991297,0.9965925394548064,0.0010996732475769,0.5467224546646203,0.9259277085238842,0
cvc_colondb,165,0.9849481105913868,0.9703426207750172,0.9749667527184542,0.0016579700767968,0.4922680412307697,0.9286851451198396,0
cvc_colondb,166,0.9756546914065072,0.952466598149562,0.993860201511335,0.0022699859796009,0.4679089026866676,0.875033118431548,0
cvc_colondb,167,0.9819524626821752,0.964544804331292,0.9750385208012328,0.0017032083875793,0.5395894428073373,0.8986981058278489,0
cvc_colondb,168,0.9888023369030008,0.9778526721220776,0.9980544747081712,0.0007144735048213,0.6487341772049251,0.8744036105739044,0
cvc_colondb,169,0.9665593262319516,0.9352828379666543,0.963044006807683,0.0044494961444836,0.4360699865351807,0.9471418732782596,0
cvc_colondb,17,0.9768425374664388,0.9547333360082848,0.9884067436829,0.0034362936835657,0.2756653992369233,0.9235250950655064,0
cvc_colondb,170,0.9845126952270778,0.9694977875151568,0.9833866920481094,0.0022731601174591,0.5043310875793616,0.9621184757088762,0
cvc_colondb,171,0.984000753792426,0.9685053974847038,0.9794833535391216,0.0027299466918411,0.2969731581936209,0.9557932331541296,0
cvc_colondb,172,0.986061970622394,0.9725071375690256,0.998928418345478,0.0016601635104854,0.5405405405324243,0.9007412555015633,0
cvc_colondb,173,0.9370993932138548,0.8816434831543928,0.9049247049247048,0.0090794668028502,0.3176312247601934,0.9135318579418223,0
cvc_colondb,174,0.9687341558216614,0.9393641429029396,0.9891304347826086,0.003314067406049,0.3103448275813426,0.9293346714682512,0
cvc_colondb,175,0.9809353405722542,0.9625840043585624,0.9972889710412816,0.0006376526358718,0.3371559632988858,0.8559624280518888,0
cvc_colondb,176,0.9874805440884524,0.9752706857365492,0.987758945386064,6.900349835190716e-05,0.54257907541919,0.9049391191242168,0
cvc_colondb,177,0.9850521561452924,0.9705446069072148,0.9766181315761504,0.0015479673214231,0.5529953916965745,0.906109931587694,0
cvc_colondb,178,0.971068461758252,0.9437639198207752,0.9579360628154796,0.0038890096606763,0.5193199381681712,0.9092832254853724,0
cvc_colondb,179,0.9349401957226644,0.8778288242293024,0.8993201961965408,0.00686093444809,0.3882195448408538,0.8322954459306697,0
cvc_colondb,18,0.9859581164504946,0.9723051211645144,0.9975819127070488,0.0018983181095574,0.3387850467250142,0.9307709670138552,0
cvc_colondb,180,0.9799649758092726,0.9607169877198622,0.9813573276876028,0.0028800084469373,0.3340961098359943,0.8977403545703063,0
cvc_colondb,181,0.9800611264731092,0.960901826483104,0.9977708858305874,0.0018722109340275,0.3731778425601577,0.9520713265356624,0
cvc_colondb,182,0.9917695473245796,0.9836734693867256,0.9867924528301888,0.0006559177950876,0.6501547987515456,0.8772988339038827,0
cvc_colondb,183,0.9796338504514523,0.9600807032699812,0.9737338557538818,0.0019396301343004,0.4875444839770899,0.9082955539649182,0
cvc_colondb,184,0.9817587802879242,0.9641711229933634,0.9660109728355412,0.0015800443161146,0.4871355059950749,0.9186665694070184,0
cvc_colondb,185,0.9915454852880266,0.9832327297094048,0.989459520071765,0.0004516600431108,0.7467811158638029,0.8330509579045575,0
cvc_colondb,186,0.993543580828168,0.9871699975302562,0.9995034756703078,0.0003198609628962,0.79080459768297,0.9397225725095336,0
cvc_colondb,187,0.9908610885448914,0.9818877037613568,0.9915065722952476,0.0004217221247422,0.7016806722541664,0.916155419222994,0
cvc_colondb,188,0.9781051357068123,0.9571484992082204,0.969986086265156,0.0012605250410284,0.6172839506045826,0.8956037962257057,0
cvc_colondb,189,0.9844815550657872,0.9694373942460136,0.9900619790553538,0.0010142806330267,0.4662576687045052,0.9270342972428116,0
cvc_colondb,19,0.9811859480954008,0.9630667600835936,0.99197643713183,0.0012194491688826,0.3979057591581371,0.9428685153244148,0
cvc_colondb,190,0.9905366554857508,0.9812507416625356,0.985964077554419,0.0010963084877304,0.6946688206672913,0.8858154606802393,0
cvc_colondb,191,0.9888963000741596,0.9780364765223296,0.9947562025514596,0.0009890961624434,0.5794871794797501,0.929813690254914,0
cvc_colondb,192,0.9569350967190864,0.9174262250691116,0.9212406185007688,0.0053165581956909,0.4652482269437553,0.9091994032819944,0
cvc_colondb,193,0.982797865591633,0.966177549522402,0.9921944692239072,0.001355982920616,0.5633802816829273,0.9030988686670344,0
cvc_colondb,194,0.9899557187597688,0.9801112061584116,0.9886168384879724,0.0011334550282855,0.5521628498657486,0.9128579188329662,0
cvc_colondb,195,0.9858702965679904,0.972134326833753,0.9865309479745014,0.0015589331039675,0.6248131539517965,0.8602475448893834,0
cvc_colondb,196,0.9723661485313918,0.9462184873938976,0.9596119133574008,0.0027809355349647,0.4984520123761849,0.9371046228710844,0
cvc_colondb,197,0.9869723814483686,0.9742798353903568,0.9935834759227572,0.0014731010718812,0.4141176470539515,0.938655541860264,0
cvc_colondb,198,0.9796338504514523,0.9600807032699812,0.9737338557538818,0.0019396301343004,0.4875444839770899,0.8762697751874469,0
cvc_colondb,199,0.951601321269112,0.9076712328758834,0.9478739276389408,0.0046571801877378,0.1521126760541956,0.8585251918586039,0
cvc_colondb,2,0.0,0.0,0.0,1.0,0.0,9.496676163252644e-12,1
cvc_colondb,20,0.9767258979204572,0.9545105225818886,0.9709976452353274,0.0033648881218387,0.3128583128557505,0.9374248858264662,0
cvc_colondb,200,0.9898139079324292,0.979833236375839,0.992583918813427,0.0005444982858953,0.6885245901498253,0.9009009009010024,0
cvc_colondb,201,0.9742399628672844,0.9497737556539598,0.9944457301550568,0.0015847538010916,0.5219298245499576,0.910256410256523,0
cvc_colondb,202,0.9080401692664346,0.8315692058529518,0.833690427934449,0.01264710760255,0.2879640044961983,0.8111876640420722,0
cvc_colondb,203,0.9905366554857508,0.9812507416625356,0.985964077554419,0.0010963084877304,0.6946688206672913,0.9141742522757386,0
cvc_colondb,204,0.0,0.0,0.0,1.0,0.0,0.6030844155847377,0
cvc_colondb,205,0.0,0.0,0.0,1.0,0.0,0.6621995630012204,0
cvc_colondb,206,0.9718012660637412,0.9451492537278168,0.9874189858940144,0.0011411774151181,0.4872389791070246,0.9033326433452632,0
cvc_colondb,207,0.902776537808318,0.8227827502020785,0.8578537070824349,0.0082581392066343,0.3120567375831196,0.7336903602729627,0
cvc_colondb,208,0.0,0.0,0.0,1.0,0.0,0.8767200224659457,0
cvc_colondb,209,0.975919212841823,0.9529709228800178,0.9653944020356234,0.0004990187871316,0.5727069351102303,0.8127329192549492,0
cvc_colondb,21,0.9841269841267664,0.9687499999995778,0.9827495391098237,0.0019439535107351,0.3281249999967957,0.9427767787153726,0
cvc_colondb,210,0.9871673645812594,0.9746599093078492,0.9900537634408604,0.0005863202791079,0.579901153202967,0.8802880288029701,0
cvc_colondb,211,0.0,0.0,0.0,1.0,0.0,1.485884101037911e-12,1
cvc_colondb,212,0.9852567720086818,0.9709419534230302,0.9771269177126918,0.0017183899264376,0.5368289637885539,0.9304585030455026,0
cvc_colondb,213,0.9935974691168298,0.9872764014662172,0.991449786244656,0.0005415611500363,0.6641123882418376,0.9182147165259678,0
cvc_colondb,214,0.9843968793753828,0.969273192829457,0.9902458445307056,0.0016191676662966,0.508720930225164,0.9299820466786726,0
cvc_colondb,215,0.986696230598194,0.9737417943097956,0.984693389457572,0.0012574431723209,0.6028169013999604,0.9459842201092729,0
cvc_colondb,216,0.9910481986149,0.982255244754386,0.9900833698990784,0.0007389710141058,0.6277777777690586,0.9543524416136084,0
cvc_colondb,217,0.9839941179791956,0.9684925406357509,0.9841768600605992,0.0005634524048303,0.5871056241346077,0.9098176972927686,0
cvc_colondb,218,0.9877823383977852,0.975859615840182,0.9970758832270744,0.0015604583353866,0.4681724845947826,0.9604127442110764,0
cvc_colondb,219,0.988638595112916,0.977532453122724,0.9985983404350752,0.0014535488596963,0.5132158590251849,0.9591231390717369,0
cvc_colondb,22,0.9763539282987423,0.9538002980620854,0.970581919690788,0.0015820708122612,0.2351694915229325,0.9238095238095456,0
cvc_colondb,220,0.9854292049410098,0.9712769278793544,0.987253127704776,0.0014558085447406,0.4941176470523645,0.9467241733415704,0
cvc_colondb,221,0.9394203259107934,0.8857612010314443,0.9057289608850256,0.0069278180135986,0.2793572311461142,0.8927071728511901,0
cvc_colondb,222,0.0,0.0,0.0,1.0,0.0,8.281573498957945e-13,1
cvc_colondb,223,0.9503312859694586,0.9053630667149783,0.9106449824431712,0.003492884896567,0.3920099875107115,0.8856223279051325,0
cvc_colondb,224,0.9836171938353742,0.9677625279269586,0.995791518290709,0.0006060009181945,0.5413005272312601,0.7953349701860791,0
cvc_colondb,225,0.9814167947450309,0.9635116598053128,0.9924832962138084,0.0012775248535566,0.646153846139645,0.8301717699778489,0
cvc_colondb,226,0.9854648734437452,0.9713462330169028,0.9973304413114208,0.0018584873958047,0.3890865954876739,0.9281062020328033,0
cvc_colondb,227,0.8774488099102756,0.7816559437615866,0.8180533443051108,0.0335132830510193,0.2020820575615304,0.9146156490788204,0
cvc_colondb,228,0.9742773402750204,0.9498448055503104,0.9572420871286405,0.0081537563418531,0.4078711985664409,0.9577108603006644,0
cvc_colondb,229,0.9910967068989364,0.9823505520064312,0.9985854148829244,0.0011861385182149,0.5110913930744357,0.9300523767170809,0
cvc_colondb,23,0.9647864538392568,0.9319685367500484,0.9469788440338076,0.0044086957698704,0.2633832976417196,0.881667400557792,0
cvc_colondb,230,0.9899609949482095,0.9801215497588124,0.9945160056115292,0.0010220500074861,0.5678733031609969,0.9504260263361896,0
cvc_colondb,231,0.9803947455271104,0.9615434416665006,0.9671471237501624,0.0006660712825134,0.4107424960440641,0.9084070488264204,0
cvc_colondb,232,0.9665136725059904,0.9351973478445392,0.9389571321133116,0.006012742603178,0.509941520461872,0.914200764547673,0
cvc_colondb,233,0.989918502867193,0.98003825005918,0.9866874550251858,0.0002128521482536,0.519101123589673,0.9176680017801776,0
cvc_colondb,234,0.984999399975605,0.9704421849129262,0.9943358595931392,0.0012588390818771,0.5006518904758716,0.9634224943603112,0
cvc_colondb,235,0.9859642376459744,0.9723170269233063,0.9793225929214766,0.0005187110363643,0.5460526315699662,0.8503126628453294,0
cvc_colondb,236,0.9837713839468524,0.9680610921660976,0.978513833228719,0.0020675469039522,0.3442786069617484,0.9414658140678944,0
cvc_colondb,237,0.9839347340304668,0.9683774920615876,0.9949091292764632,0.0020271274225452,0.29567854434954,0.9202000252132734,0
cvc_colondb,238,0.994227668493874,0.9885215941514672,0.998775339198814,0.0009934898209007,0.603256212505542,0.9571259609698474,0
cvc_colondb,239,0.9946321580504278,0.9893216358717756,0.9933845402477468,0.000822602243314,0.6946341463346866,0.9509218143352124,0
cvc_colondb,24,0.9712822451748724,0.9441678639443536,0.9717054657585308,0.0029597286677535,0.1223449447738118,0.8953849608863467,0
cvc_colondb,240,0.9927256901265256,0.9855564471322846,0.9933077209071756,0.0012575671101493,0.6505190311343654,0.944244035187664,0
cvc_colondb,241,0.9892463640365848,0.9787215487913328,0.994549929676512,0.0009251020090853,0.6132596684998168,0.9469951977021018,0
cvc_colondb,242,0.9896573432858216,0.9795264375992704,0.994260604430096,0.0012703158776487,0.5521978021902171,0.9195941418589454,0
cvc_colondb,243,0.9753700146870548,0.9519241371695314,0.9651420959147424,0.0017669386501783,0.4876543209801288,0.9251947111031062,0
cvc_colondb,244,0.0,0.0,0.0,1.0,0.0,0.8082511676181835,0
cvc_colondb,245,0.9896573432858216,0.9795264375992704,0.994260604430096,0.0012703158776487,0.5521978021902171,0.9195941418589454,0
cvc_colondb,246,0.9753700146870548,0.9519241371695314,0.9651420959147424,0.0017669386501783,0.4876543209801288,0.9251947111031062,0
cvc_colondb,247,0.0,0.0,0.0,1.0,0.0,0.8082511676181835,0
cvc_colondb,248,0.9896573432858216,0.9795264375992704,0.994260604430096,0.0012703158776487,0.5521978021902171,0.9195941418589454,0
cvc_colondb,249,0.9753700146870548,0.9519241371695314,0.9651420959147424,0.0017669386501783,0.4876543209801288,0.9251947111031062,0
cvc_colondb,25,0.0,0.0,0.0,1.0,0.0,0.8448954234832031,0
cvc_colondb,250,0.0,0.0,0.0,1.0,0.0,0.8082511676181835,0
cvc_colondb,251,0.9896573432858216,0.9795264375992704,0.994260604430096,0.0012703158776487,0.5521978021902171,0.9195941418589454,0
cvc_colondb,252,0.9753700146870548,0.9519241371695314,0.9651420959147424,0.0017669386501783,0.4876543209801288,0.9251947111031062,0
cvc_colondb,253,0.0,0.0,0.0,1.0,0.0,0.8082511676181835,0
cvc_colondb,254,0.9896573432858216,0.9795264375992704,0.994260604430096,0.0012703158776487,0.5521978021902171,0.9195941418589454,0
cvc_colondb,255,0.9753700146870548,0.9519241371695314,0.9651420959147424,0.0017669386501783,0.4876543209801288,0.9251947111031062,0
cvc_colondb,256,0.0,0.0,0.0,1.0,0.0,0.8082511676181835,0
cvc_colondb,257,0.9896573432858216,0.9795264375992704,0.994260604430096,0.0012703158776487,0.5521978021902171,0.9195941418589454,0
cvc_colondb,258,0.9753700146870548,0.9519241371695314,0.9651420959147424,0.0017669386501783,0.4876543209801288,0.9251947111031062,0
cvc_colondb,259,0.0,0.0,0.0,1.0,0.0,0.8082511676181835,0
cvc_colondb,26,0.9920939688269016,0.9843119677260058,0.989961042852862,0.0004539394395631,0.6998223800941417,0.90703517587947,0
cvc_colondb,260,0.9896573432858216,0.9795264375992704,0.994260604430096,0.0012703158776487,0.5521978021902171,0.9195941418589454,0
cvc_colondb,261,0.9753700146870548,0.9519241371695314,0.9651420959147424,0.0017669386501783,0.4876543209801288,0.9251947111031062,0
cvc_colondb,262,0.0,0.0,0.0,1.0,0.0,0.8082511676181835,0
cvc_colondb,263,0.9896573432858216,0.9795264375992704,0.994260604430096,0.0012703158776487,0.5521978021902171,0.9195941418589454,0
cvc_colondb,264,0.9389883539017676,0.8849934469190858,0.8938878525183803,0.0067623522554994,0.4576271186376041,0.6064916395554161,0
cvc_colondb,265,0.7674770948653865,0.6226878962395952,0.6241341561473702,0.0857424800153258,0.1995532390163829,0.1120439181791604,1
cvc_colondb,266,0.9241457306725404,0.8589878360107681,0.9689836169874344,0.0109993429294256,0.2979189485180951,0.8828543808771057,0
cvc_colondb,267,0.0,0.0,0.0,1.0,0.0,0.9020618556702972,0
cvc_colondb,268,0.0,0.0,1.0,1.0,0.0,3.5014005602118297e-12,1
cvc_colondb,269,0.0,0.0,1.0,1.0,0.0,2.01775625504032e-12,1
cvc_colondb,27,0.0,0.0,1.0,1.0,0.0,1.7815784785288053e-12,1
cvc_colondb,270,0.0,0.0,0.0,1.0,0.0,6.05913717886206e-13,1
cvc_colondb,271,0.9389883539017676,0.8849934469190858,0.8938878525183803,0.0067623522554994,0.4576271186376041,0.6064916395554161,0
cvc_colondb,272,0.7674770948653865,0.6226878962395952,0.6241341561473702,0.0857424800153258,0.1995532390163829,0.1120439181791604,1
cvc_colondb,273,0.0,0.0,1.0,1.0,0.0,1.7850767582974205e-12,1
cvc_colondb,274,0.0,0.0,1.0,1.0,0.0,4.183750313779523e-13,1
cvc_colondb,275,0.0,0.0,1.0,1.0,0.0,3.7220381881104264e-13,1
cvc_colondb,276,0.9487412443946694,0.902481182045775,0.9931654886383552,0.0017179753511628,0.3178571428543049,0.6282410852270184,0
cvc_colondb,277,0.9600380856364056,0.9231473502795544,0.9889161189707028,0.0041481048898984,0.3396584440195478,0.8173319920504901,0
cvc_colondb,278,0.0,0.0,1.0,1.0,0.0,6.842753524013386e-13,1
cvc_colondb,279,0.0,0.0,0.0,1.0,0.0,0.8325731384910862,0
cvc_colondb,28,0.9524821188299764,0.9092752839370176,0.9265717092337916,0.013155494489868,0.4262796027469345,0.8690005819473997,0
cvc_colondb,280,0.9755291767504224,0.9522273886298542,0.977889218144518,0.0041890990999865,0.4526854219890961,0.7917709954659973,0
cvc_colondb,281,0.973837947675483,0.949009900989316,0.9572458364404672,0.0021840411998523,0.4730617608347823,0.8264462809918004,0
cvc_colondb,282,0.952229660727929,0.9088152479955502,0.9106775067750678,0.0055715959571933,0.4999999999921874,0.7953084470509781,0
cvc_colondb,283,0.0,0.0,0.1420041399076482,0.3672469172142576,0.0,1.1817257923470042e-13,1
cvc_colondb,284,0.9871501042924866,0.9746262585167422,0.9916401682223818,0.0016913091769016,0.4457252641647865,0.8944469817048882,0
cvc_colondb,285,0.9679939662339307,0.9379731654295262,0.9840003069485478,0.0062902376540273,0.2399999999980408,0.884548395123189,0
cvc_colondb,286,0.0,0.0,0.0,1.0,0.0,0.4692138537659096,1
cvc_colondb,287,0.0,0.0,1.0,1.0,0.0,3.751782096494428e-13,1
cvc_colondb,288,0.850225022502059,0.7394708000623378,0.7465120848889762,0.03805637592721,0.4162162162124665,0.7412909517190404,0
cvc_colondb,289,0.9487412443946694,0.902481182045775,0.9931654886383552,0.0017179753511628,0.3178571428543049,0.6718634912841329,0
cvc_colondb,29,0.0,0.0,1.0,1.0,0.0,4.101554489149706e-13,1
cvc_colondb,290,0.9006012285972747,0.8191761279196224,0.8643923240938166,0.0117853400550167,0.2665424044709549,0.7508957698273302,0
cvc_colondb,291,0.8903521328367842,0.8023735810108343,0.8228310502283105,0.0203636715447873,0.377682403429424,0.7470886005920315,0
cvc_colondb,292,0.9351595236517878,0.8782156054574904,0.9034081702464756,0.0134023411092537,0.1349765258208041,1.4337328668920354e-13,1
cvc_colondb,293,0.0,0.0,0.0,1.0,0.0,4.871157874224331e-13,1
cvc_colondb,294,0.0,0.0,1.0,1.0,0.0,4.183750313779523e-13,1
cvc_colondb,295,0.0,0.0,1.0,1.0,0.0,3.7220381881104264e-13,1
cvc_colondb,296,0.9487412443946694,0.902481182045775,0.9931654886383552,0.0017179753511628,0.3178571428543049,0.6282410852270184,0
cvc_colondb,297,0.9600380856364056,0.9231473502795544,0.9889161189707028,0.0041481048898984,0.3396584440195478,0.8173319920504901,0
cvc_colondb,298,0.0,0.0,1.0,1.0,0.0,6.842753524013386e-13,1
cvc_colondb,299,0.0,0.0,0.0,1.0,0.0,0.8325731384910862,0
cvc_colondb,3,0.9322857438226912,0.8731603408205053,0.9553264604810996,0.0045962656221443,0.1374570446719649,0.7982584441648362,0
cvc_colondb,300,0.9755291767504224,0.9522273886298542,0.977889218144518,0.0041890990999865,0.4526854219890961,0.7917709954659973,0
cvc_colondb,301,0.0,0.0,1.0,1.0,0.0,1.0825556974905189e-13,1
cvc_colondb,302,0.0,0.0,1.0,1.0,0.0,6.591870904799765e-14,1
cvc_colondb,303,0.0,0.0,0.0,1.0,0.0,0.6314580837236489,0
cvc_colondb,304,0.9720323770821327,0.945586568498176,0.9772159011097064,0.0054375466988378,0.167687595711456,0.8483370594130573,0
cvc_colondb,305,0.9651991894784674,0.9327391123630968,0.959012479754337,0.007515890499863,0.2509363295870752,0.8472619836398325,0
cvc_colondb,306,0.627246060267392,0.4569253397222596,0.4592471115805468,0.0906493526661258,0.0609418282545662,0.5898718330487454,0
cvc_colondb,307,0.0,0.0,0.0,1.0,0.0,0.6849216017605466,0
cvc_colondb,308,0.0,0.0,0.0,1.0,0.0,0.7222468638757308,0
cvc_colondb,31,0.9794131641551216,0.959656865791658,0.9743846683785308,0.0017677324353394,0.3942652329701999,0.8806905192816787,0
cvc_colondb,310,0.0,0.0,0.0,1.0,0.0,5.5173022598867024e-14,1
cvc_colondb,311,0.0,0.0,1.0,1.0,0.0,8.635802309212794e-14,1
cvc_colondb,312,0.0,0.0,0.0,1.0,0.0,0.8762669003006772,0
cvc_colondb,314,0.0,0.0,1.0,1.0,0.0,1.0589742775146873e-13,1
cvc_colondb,315,0.0,0.0,0.0,1.0,0.0,0.6503789635040971,0
cvc_colondb,316,0.0,0.0,1.0,1.0,0.0,1.935096851597048e-13,1
cvc_colondb,317,0.0,0.0,1.0,1.0,0.0,1.1114568977013837e-13,1
cvc_colondb,318,0.858647028869062,0.7523062983909791,0.7916345006667135,0.0452704494278252,0.0186239006724334,0.6522794453389937,0
cvc_colondb,319,0.0,0.0,1.0,1.0,0.0,1.1319772246181128e-13,1
cvc_colondb,32,0.9868541300525508,0.9740494032747106,0.9860383944153578,0.0010830444193403,0.4285714285676021,0.9538159187684327,0
cvc_colondb,320,0.0,0.0,1.0,1.0,0.0,1.2020097603191093e-13,1
cvc_colondb,321,0.9887248898371872,0.9777012010885988,0.9845895559787512,0.0006481560269098,0.3870370370352452,0.9503992346469472,0
cvc_colondb,322,0.0,0.0,0.0,1.0,0.0,7.408175662660765e-14,1
cvc_colondb,323,0.0,0.0,1.0,1.0,0.0,1.26694539465333e-13,1
cvc_colondb,324,0.0,0.0,1.0,1.0,0.0,2.547640884540266e-13,1
cvc_colondb,325,0.0,0.0,1.0,1.0,0.0,1.9370835270413117e-13,1
cvc_colondb,326,0.0,0.0,0.0,1.0,0.0,0.8862812033283671,0
cvc_colondb,327,0.0,0.0,0.0,1.0,0.0,0.8957096397115961,0
cvc_colondb,328,0.9712491287069672,0.9441052793337696,0.9580560284785636,0.0084322274305154,0.2157635467969667,0.9017621145374524,0
cvc_colondb,329,0.0,0.0,0.0,1.0,0.0,0.9126736551924342,0
cvc_colondb,33,0.989460332799508,0.9791405176014708,0.9899639423076924,0.0002636410523199,0.5423340961036346,0.9166532010471136,0
cvc_colondb,330,0.96351599925237,0.9296004555375412,0.9366397744482652,0.0024410584891906,0.2984374999988342,0.9134811861450328,0
cvc_colondb,331,0.9873107631687456,0.9749395246443826,0.9902232655324968,0.0037983811662515,0.2435207823948972,0.9648907811453789,0
cvc_colondb,332,0.8240326949449177,0.700727555436858,0.7042278086556126,0.0530467648763919,0.2178649237463274,0.8310422358146251,0
cvc_colondb,333,0.9869351244769252,0.9742072283054348,0.9999358799672988,0.0020082288700895,0.4699110413371538,0.9673255027752908,0
cvc_colondb,334,0.9852985109827996,0.9710230266214754,0.97500155269859,0.0030344910890222,0.6125944584352011,0.9697525623142724,0
cvc_colondb,335,0.0,0.0,0.0,1.0,0.0,9.302239048938217e-14,1
cvc_colondb,336,0.9057689068916432,0.8277674730651701,0.8799236889105374,0.0400762189271632,0.1188323430635008,0.9099771444563688,0
cvc_colondb,337,0.9083535765191972,0.8320950419301869,0.8504889896072294,0.0286337218723985,0.1497988238930677,0.8827675075581165,0
cvc_colondb,338,0.9826263290583788,0.9658460378170765,0.9878343289815336,0.0060384352671875,0.2794585987250021,0.9635566965089613,0
cvc_colondb,339,0.9413497156042678,0.8891980000190353,0.9899100768324488,0.0166644132360758,0.2137657180667976,0.945159279282965,0
cvc_colondb,34,0.9679286608257802,0.9378505381229156,0.992104716393102,0.0042583369618074,0.1911613566270178,0.9579778664060754,0
cvc_colondb,340,0.0,0.0,1.0,1.0,0.0,1.263743207380101e-13,1
cvc_colondb,341,0.0,0.0,1.0,1.0,0.0,8.006405124035178e-12,1
cvc_colondb,342,0.0,0.0,1.0,1.0,0.0,1.1682242990517728e-11,1
cvc_colondb,343,0.0,0.0,1.0,1.0,0.0,2.774694783566108e-12,1
cvc_colondb,344,0.0,0.0,1.0,1.0,0.0,3.285151116940588e-12,1
cvc_colondb,345,0.0,0.0,1.0,1.0,0.0,4.357298474926548e-12,1
cvc_colondb,346,0.0,0.0,1.0,1.0,0.0,1.7409470752058828e-12,1
cvc_colondb,347,0.0,0.0,1.0,1.0,0.0,1.4602803738296434e-12,1
cvc_colondb,348,0.0,0.0,1.0,1.0,0.0,1.893580761215881e-12,1
cvc_colondb,349,0.0,0.0,1.0,1.0,0.0,2.402691013929835e-12,1
cvc_colondb,35,0.9510388714251398,0.906648345222516,0.9777703645296294,0.0072912831560487,0.1335428122534678,0.8781506753934204,0
cvc_colondb,350,0.0,0.0,1.0,1.0,0.0,2.278942570642027e-12,1
cvc_colondb,352,0.0,0.0,1.0,1.0,0.0,4.271678769738268e-12,1
cvc_colondb,355,0.0,0.0,0.0,1.0,0.0,7.173601147724724e-12,1
cvc_colondb,356,0.0,0.0,1.0,1.0,0.0,7.51314800895933e-12,1
cvc_colondb,357,0.0,0.0,1.0,1.0,0.0,8.038585208938597e-12,1
cvc_colondb,358,0.0,0.0,1.0,1.0,0.0,8.718395815093999e-12,1
cvc_colondb,359,0.0,0.0,1.0,1.0,0.0,8.396305625454271e-12,1
cvc_colondb,36,0.980705110685712,0.962140712140196,0.964985768755706,0.0019835457853245,0.3681377825579318,0.9434261264592616,0
cvc_colondb,360,0.0,0.0,1.0,1.0,0.0,8.718395815093999e-12,1
cvc_colondb,361,0.0,0.0,1.0,1.0,0.0,1.0240655401935238e-12,1
cvc_colondb,362,0.0,0.0,1.0,1.0,0.0,1.3518994186814224e-12,1
cvc_colondb,363,0.0,0.0,1.0,1.0,0.0,1.9249278152032245e-12,1
cvc_colondb,364,0.9382992327350732,0.8837699488079381,0.8980582524271845,0.0034026412789574,0.495145631055943,0.7699155794324329,0
cvc_colondb,365,0.946684438518916,0.8987662132208202,0.959516813581456,0.0025950803931823,0.3476070528879696,0.8211382113823935,0
cvc_colondb,366,0.9451219512179114,0.8959537572225563,0.96996996996997,0.0014873437821389,0.2871794871721236,0.792842173142362,0
cvc_colondb,367,0.9328648048808345,0.8741767764267793,0.9393830703012912,0.0031099347387446,0.4213333333220977,0.7638530927838856,0
cvc_colondb,368,0.9500990098991088,0.9049415314941346,0.9921104536489151,0.0024252709359761,0.4328767123169075,0.8043755697359993,0
cvc_colondb,369,0.0,0.0,0.0,1.0,0.0,0.8103827540699288,0
cvc_colondb,37,0.9786867599566796,0.9582630691394612,0.9912120887364698,0.0011630249034766,0.3944856839830913,0.8931068931069237,0
cvc_colondb,370,0.0,0.0,0.0,1.0,0.0,0.7701833769950698,0
cvc_colondb,371,0.0,0.0,1.0,1.0,0.0,5.770340450053259e-12,1
cvc_colondb,372,0.0,0.0,1.0,1.0,0.0,5.5586436909085116e-12,1
cvc_colondb,374,0.0,0.0,1.0,1.0,0.0,4.844961240286605e-12,1
cvc_colondb,375,0.0,0.0,1.0,1.0,0.0,4.8638132295483284e-12,1
cvc_colondb,376,0.0,0.0,0.0,1.0,0.0,4.415011037508102e-12,1
cvc_colondb,377,0.0,0.0,1.0,1.0,0.0,3.951007506898653e-12,1
cvc_colondb,378,0.0,0.0,1.0,1.0,0.0,4.317789291863913e-12,1
cvc_colondb,379,0.0,0.0,1.0,1.0,0.0,5.027652086450339e-12,1
cvc_colondb,38,0.974875129582325,0.9509818342277888,0.9623109072752154,0.0016725474163785,0.3154981549786393,0.9044370661032488,0
cvc_colondb,39,0.9774586438820418,0.9559111111094116,0.970625111946982,0.0015128825508615,0.5252918287835546,0.8171906425322142,0
cvc_colondb,4,0.9266875482314556,0.8633902892904217,0.8915507470376095,0.0053241480871009,0.13715710723021,0.8416697657122343,0
cvc_colondb,40,0.9698616352196378,0.9414867636993832,0.9590931493346476,0.0026510680698657,0.3994293865848868,0.9082223047932968,0
cvc_colondb,41,0.9731752963188492,0.9477521263659032,0.9996597867997278,0.0016636987548935,0.3072196620536525,0.9118637839162664,0
cvc_colondb,42,0.9626403082585336,0.9279715762258915,0.9644561461247326,0.0025811119031948,0.3048327137489808,0.926999650716096,0
cvc_colondb,43,0.9792156377576524,0.9592776633123752,0.9635612777845256,0.0010378087674476,0.4984025559025814,0.9254690310974522,0
cvc_colondb,44,0.9792647245885012,0.959371884344568,0.9721525338685398,0.0006175285218166,0.6210045661958674,0.8560090702949886,0
cvc_colondb,45,0.990797136886591,0.98176211453658,0.9983120113717128,0.0007303273245893,0.5090403337898604,0.8943955534970383,0
cvc_colondb,46,0.978086194301696,0.957112223015072,0.982334202143064,0.0019274279243329,0.4124783362146884,0.91791437815069,0
cvc_colondb,47,0.9685411282408264,0.9390012096061188,0.95046062923692,0.0017446277996114,0.5610687022793689,0.8997591254401521,0
cvc_colondb,48,0.9790951638059412,0.9590464547665536,0.9976315133383196,0.0018806456209403,0.4495114006441447,0.9238518125787502,0
cvc_colondb,49,0.9765730405981534,0.954218600190992,0.9709105560032232,0.0019337249132371,0.2385321100886168,0.9453069422940348,0
cvc_colondb,5,0.0,0.0,1.0,1.0,0.0,1.2898232942070297e-12,1
cvc_colondb,50,0.9504950495035028,0.9056603773558616,0.9750300842358604,0.0022686061973377,0.424242424231711,0.8561713702824615,0
cvc_colondb,51,0.9854740061143245,0.971363978896114,0.9810677773570616,0.0004510806861417,0.6612466124482047,0.9346996182440532,0
cvc_colondb,52,0.9847414070021002,0.9699414649565418,0.9777636594663278,0.0006453893352119,0.5910780669035115,0.9402058487175786,0
cvc_colondb,53,0.979406307976828,0.9596437011435018,0.9794344473007712,0.0009448102777913,0.5458089668509589,0.8478238070269031,0
cvc_colondb,54,0.9829002028779992,0.966375379937374,0.994412331406551,0.0011356710392876,0.64399999998712,0.9185262065387456,0
cvc_colondb,55,0.9725480087627626,0.9465629703940128,0.99152977412731,0.0010639600660611,0.5635103925966857,0.9080411209690072,0
cvc_colondb,56,0.9113247863235692,0.8370951913620287,0.8875724729014368,0.0055792331633483,0.2635294117585052,0.837397200981334,0
cvc_colondb,57,0.9794856977747376,0.959796149489468,0.9780910649647552,0.0020755852121497,0.4163027656416841,0.9370671788909988,0
cvc_colondb,58,0.9778264440182324,0.9566148901974468,0.988259077832206,0.0025516911149629,0.3974358974308021,0.8915702343203511,0
cvc_colondb,59,0.9882131070244704,0.9767008387687928,0.9923807535747834,0.0009611921251227,0.6080476900058414,0.941487638993878,0
cvc_colondb,6,0.9401510036210544,0.8870612764961344,0.9150111672740096,0.0062020912167546,0.2945508100103895,0.807648874501387,0
cvc_colondb,60,0.9893393510224968,0.97890360332464,0.9840975760382892,0.0003764408149591,0.6352087114222285,0.890575916230462,0
cvc_colondb,61,0.0,0.0,0.5770767437989013,0.4890446575791183,0.0,0.9202836637047505,0
cvc_colondb,62,0.9881466634411552,0.976571038251144,0.997032436162871,0.0018083506056389,0.4373730534838363,0.9531742822482868,0
cvc_colondb,63,0.9873343777381128,0.9749855786876672,0.9932255418243404,0.0006528650031159,0.2474864655819993,0.947826319734454,0
cvc_colondb,64,0.9818109924870104,0.9642718446599268,0.983529411764706,0.0036883681766092,0.3096168881914807,0.9434151226840344,0
cvc_colondb,65,0.988876751949878,0.977998234989508,0.9949358541525996,5.933389765565393e-05,0.4557377049142972,0.9338930368186732,0
cvc_colondb,66,0.9868579828427596,0.9740569102165644,0.9855804835547812,0.0009304708557052,0.4305283757296426,0.9394487846228002,0
cvc_colondb,67,0.9794488937149508,0.9597254735044904,0.9679970080675322,0.0036898530204566,0.5390539053846088,0.9452490087455512,0
cvc_colondb,68,0.976503460976384,0.954085747967392,0.964201072720469,0.0036014420587771,0.5156794425027215,0.9376399538576584,0
cvc_colondb,69,0.9720152343097798,0.9455541237103248,0.9789186237028946,0.002774074367658,0.4441260744922045,0.9076740640352884,0
cvc_colondb,7,0.9737505561315632,0.948843930634467,0.9673231218088986,0.0032288266063344,0.4948096885727541,0.9113352158128992,0
cvc_colondb,70,0.94313913878859,0.8923966942134011,0.8952160238371131,0.0036108029248149,0.3053173241800117,0.8769401330378077,0
cvc_colondb,71,0.9709917268813792,0.9436189700774608,0.9922804089296892,0.0019397472908774,0.4657039711107273,9.89707046713193e-13,1
cvc_colondb,72,0.9505194049695088,0.9057046023246316,0.9470873786407767,0.0072243154266332,0.249999999998071,0.9233504682768954,0
cvc_colondb,73,0.981902942794852,0.9644492495542072,0.9915538362346872,0.001499195713652,0.4699205448300803,0.9474510830443206,0
cvc_colondb,74,0.98250306474871,0.9656078860876984,0.989578713968958,0.0005364314597197,0.601904761893297,0.8801858612679718,0
cvc_colondb,75,0.0,0.0,1.0,1.0,0.0,3.952412948103256e-13,1
cvc_colondb,76,0.9849378189563036,0.9703226436271928,0.9781436832304224,0.0017063477063973,0.5245559038607674,0.9447273263965896,0
cvc_colondb,77,0.9676094890505432,0.9372514361456724,0.9543073665440768,0.0040339527953129,0.4279600570552359,0.8293889981601235,0
cvc_colondb,78,0.8627228983860298,0.7585863613728738,0.7724821271792299,0.0184388916799333,0.3499197431725535,0.942837422350541,0
cvc_colondb,79,0.8571428571419056,0.7499999999985432,0.7899860917941586,0.0156124043780879,0.3434343434274053,0.9142039063299784,0
cvc_colondb,8,0.9566407375389248,0.9168852685338716,0.9294052251250696,0.0019198947537946,0.2222222222184811,0.8360932229378748,0
cvc_colondb,80,0.9456122789440348,0.8968354430351366,0.9070951320394528,0.0043387016704556,0.5693069306789775,0.8855341738555317,0
cvc_colondb,81,0.9622882710115656,0.9273175238653302,0.9362623762376238,0.0029553247557128,0.5213270142056557,0.8267575905182225,0
cvc_colondb,82,0.9766493699018224,0.9543643607354062,0.9765567765567764,0.0010278231442815,0.6227848101108155,0.8553286425264195,0
cvc_colondb,83,0.9690355329924644,0.9399310684345646,0.9690154922538732,0.0007177988557724,0.5904761904574451,0.8223976319688643,0
cvc_colondb,84,0.9578010065796404,0.9190193164898997,0.9290515309932784,0.0009742545607464,0.4487534625914472,0.8172004954878478,0
cvc_colondb,85,0.967909238248026,0.9378140703488136,0.95748730964467,0.0018902074811612,0.5175879396854878,0.8741174444637952,0
cvc_colondb,86,0.9584837545109052,0.9202772963572954,0.9729344729344728,0.0010160681528572,0.3368983957129171,0.9028281363308506,0
cvc_colondb,87,0.9513876613028966,0.9072825353981548,0.9326955927570892,0.0032167045755003,0.4831168831043346,0.8971162790699588,0
cvc_colondb,88,0.9884341636988692,0.977132805624551,0.9902611775121736,0.0004676424758366,0.7771084337115328,0.91289198606292,0
cvc_colondb,89,0.9548645937789496,0.9136276391510862,0.9762140733399404,0.0011979568299982,0.424050632897973,0.7924424972623427,0
cvc_colondb,9,0.9600529684389316,0.9231748726642288,0.9620381062355658,0.0035893909978135,0.4517241379232461,0.8973112562662181,0
cvc_colondb,90,0.9577086596532608,0.9188492915374888,0.9783089862771136,0.0020364184375014,0.4664723031933973,0.9199582027169908,0
cvc_colondb,91,0.9671361502314986,0.9363636363575562,0.9363636363636364,0.0014525206630613,0.6254545454318017,0.9301093077180188,0
cvc_colondb,92,0.9613705072188063,0.925614488997894,0.980705256154358,0.0014784352053231,0.5642857142655612,0.8595558335944337,0
cvc_colondb,93,0.976016469376247,0.9531564133475008,0.9875204582651392,0.0010563256604438,0.5123966942042893,0.8936336924584783,0
cvc_colondb,94,0.9589877835930214,0.9212070410690646,0.9514687100893996,0.0019622010069827,0.5755813953321052,0.8184517917247704,0
cvc_colondb,95,0.973291081936794,0.9479717813037214,0.9528510387505524,0.0032665015818258,0.5026178010383487,0.8806665033081102,0
cvc_colondb,96,0.9617200552037758,0.926262767593499,0.9533200908059024,0.0046119467172931,0.3768595041260023,0.8882378162070257,0
cvc_colondb,97,0.8813276750523784,0.7878336268787592,0.7900162778079218,0.016055745841266,0.5368421052537397,0.8266175454756108,0
cvc_colondb,98,0.9753462403012924,0.9518788479223323,0.999854988399072,0.0009629299918897,0.2574257425714255,0.9256594724220898,0
cvc_colondb,99,0.7882112369759524,0.6504526704876785,0.667424365427288,0.0508785465241593,0.2868852458986999,0.759108984513996,0
etis_larib,1,0.0,0.0,0.0,1.0,0.0,9.514747859172678e-13,1
etis_larib,10,0.0,0.0,1.0,1.0,0.0,9.709680551500428e-13,1
etis_larib,101,0.0,0.0,0.0,1.0,0.0,4.096010485785166e-13,1
etis_larib,104,0.0,0.0,0.0,1.0,0.0,4.2245785982830363e-13,1
etis_larib,105,0.9787217613304096,0.9583301829728416,0.9641590990956832,0.0020819510446383,0.2807536017721435,0.932020858146591,0
etis_larib,106,0.992009996046437,0.9841466603394392,0.9930446117628748,0.0008996602777368,0.5622923588016516,0.9552975619605292,0
etis_larib,107,0.980202012443305,0.9611727267590938,0.9646316504286644,0.0017934224893433,0.2842223051089734,0.927564551301102,0
etis_larib,108,0.952015848713861,0.908425807342124,0.9210959031010444,0.0020026509874946,0.1084378176885515,0.8371976907473938,0
etis_larib,109,0.9911668631733096,0.9824884086292502,0.9874957983193278,0.0010960058307953,0.5378912685315573,0.9382175387375912,0
etis_larib,11,0.0,0.0,0.0,1.0,0.0,0.3408762638422563,1
etis_larib,110,0.970765623517481,0.943191993678972,0.9633059258667944,0.002812271526541,0.3564223268301518,0.9370793093356836,0
etis_larib,111,0.9797623468249884,0.960327570518435,0.9803290743634524,0.0012160302142036,0.4693366708356112,0.930394686953446,0
etis_larib,112,0.939507327720402,0.8859159070857789,0.9127508200911686,0.0043888522482985,0.3478260869535565,0.8864076294792771,0
etis_larib,113,0.9877065249982449,0.9757116383631064,0.9967199525135092,0.0025329923329866,0.2865761689282456,0.9782548644511057,0
etis_larib,114,0.9881466602165134,0.9765710319520752,0.9879859795747008,0.0029264995029228,0.4504084013989194,0.97571677689589,0
etis_larib,115,0.9919117365376258,0.9839532633093172,0.9920481890933512,0.0016266697966857,0.4512667660195193,0.973636908328341,0
etis_larib,116,0.9809971976178664,0.9627031400940008,0.9874709876298112,0.003886088679316,0.264940239043165,0.973564980846964,0
etis_larib,117,0.9834015444114016,0.9673451095713338,0.9863088217350632,0.0042275922716557,0.2900120336934716,0.974513098543349,0
etis_larib,118,0.9884906474781304,0.9772432108646848,0.9826768723754852,0.0028444969405995,0.3919999999987938,0.9747458910034608,0
etis_larib,119,0.9659455501564054,0.9341341264016696,0.9612527578689016,0.0107687703177897,0.3161325366639975,0.9526589367831528,0
etis_larib,12,0.0,0.0,1.0,1.0,0.0,9.58956655158267e-13,1
etis_larib,120,0.9664314214622332,0.9350433454831651,0.9449106391405516,0.0101664923649193,0.2803585982062473,0.9490378974661964,0
etis_larib,121,0.9742105925270556,0.9497179298497976,0.9730685696556004,0.0021996560185091,0.5102040816279202,0.8776493256262463,0
etis_larib,122,0.9851521579148153,0.9707387817770254,0.9856455217466048,0.000472690003945,0.656950672638375,0.9355284879311402,0
etis_larib,123,0.9852588275620012,0.9709459459448524,0.990673339399454,0.0004426664200632,0.6455862977517051,0.8959727307158843,0
etis_larib,124,0.9919869652406004,0.9841013270997784,0.9950989381032556,0.0007701995269805,0.5607115235863855,0.9760747363575328,0
etis_larib,125,0.99303416575838,0.9861647058822686,0.9999052312357848,0.0011455310907026,0.5586635586613883,0.9735795050414058,0
etis_larib,126,0.9780819544309748,0.9571041030852508,0.9673332575843654,0.0010740618845477,0.4613987284245105,0.8938742444070873,0
etis_larib,127,0.9696747460668952,0.9411346003267554,0.9981682297772568,0.0011608517117256,0.4876957494352607,0.9133033795663554,0
etis_larib,128,0.9632061143496334,0.9290237217645504,0.9926779263887532,0.0016359931460709,0.3705583756298152,0.8953339041096451,0
etis_larib,129,0.9762197823834492,0.9535442916216662,0.9639334751498744,0.0011462541034445,0.5886889460078575,0.9215979491562052,0
etis_larib,13,0.0,0.0,0.0,1.0,0.0,0.5760864012843743,0
etis_larib,130,0.9664572462993056,0.9350916958575896,0.9639595677936564,0.000567034189458,0.4572697003278882,0.8906544681193007,0
etis_larib,131,0.9696747460668952,0.9411346003267554,0.9981682297772568,0.0011608517117256,0.4876957494352607,0.90783704058044,0
etis_larib,132,0.9652334326659262,0.9328030718587192,0.977642656688494,0.0008678680836662,0.4154838709623809,0.9002410143561248,0
etis_larib,133,0.9861240440243348,0.972627902074446,0.9898848759150696,0.0015735486258757,0.6267148014395183,0.9471447885147836,0
etis_larib,134,0.9772496521639196,0.9555114346639622,0.9702167067975552,0.0027305695587917,0.5886736214561202,0.9310094114795956,0
etis_larib,135,0.9789049170152866,0.9586814522247008,0.9586814522254292,0.0012250077975199,0.4925690021179132,0.8169541382538589,0
etis_larib,136,0.9759936869210268,0.9531129588316868,0.9654292769535316,0.0038333135715536,0.5348156816820666,0.9273623312620608,0
etis_larib,137,0.98003538033845,0.960852329038286,0.966248757740234,0.0026200039154611,0.6832684824849552,0.950271302863424,0
etis_larib,138,0.964546899840634,0.93152157223942,0.9380680942843936,0.0002882829913,0.368644067792705,0.8811752360965871,0
etis_larib,139,0.0,0.0,0.0,1.0,0.0,6.109481915929796e-13,1
etis_larib,14,0.8582650687938025,0.7517200755932726,0.7663586866853654,0.0289180403612518,0.1186046511624459,0.8907552900424263,0
etis_larib,140,0.9882116274387496,0.9766979481461932,0.989832679529261,0.0008082126733936,0.675174013913281,0.9594415992070215,0
etis_larib,141,0.959516011644396,0.9221823904862094,0.9307922009485332,0.0013468772002743,0.4280618311482989,0.8704805942250625,0
etis_larib,142,0.9762021802616964,0.9535107043998454,0.98695777075553,0.0013671297991774,0.5291308500427018,0.9234709433502276,0
etis_larib,143,0.9944784965298126,0.9890176322413152,0.9986838108737472,0.0003239201128947,0.757142857136097,0.9620345519451854,0
etis_larib,144,0.9828820060683052,0.9663402003822096,0.9751229716741108,0.0010353162461697,0.5283018867877063,0.9472918056650856,0
etis_larib,145,0.9731710822591452,0.9477441328787628,0.987147753236862,0.0005123023951259,0.3746877601967137,0.9679779983259672,0
etis_larib,147,0.0,0.0,1.0,1.0,0.0,5.229305025359394e-13,1
etis_larib,149,0.0,0.0,1.0,1.0,0.0,7.161784716746285e-13,1
etis_larib,15,0.9235479363489988,0.857955470136406,0.9314025618303392,0.0116786413011899,0.1285397685296022,0.8871738172772159,0
etis_larib,150,0.0,0.0,1.0,1.0,0.0,2.0102522866615722e-13,1
etis_larib,152,0.0,0.0,1.0,1.0,0.0,7.287036362306138e-13,1
etis_larib,153,0.953088885718226,0.91038185832241,0.9235941488047864,0.0047730059748404,0.5044187627430019,0.7968316050681505,0
etis_larib,154,0.9120119424497308,0.8382554717587903,0.8480308219178082,0.0168130759928866,0.1295991213616518,0.0014771631297572,1
etis_larib,155,0.0,0.0,0.0,1.0,0.0,5.184033177809651e-13,1
etis_larib,156,0.7773574945434084,0.6358011365334522,0.6816614313029227,0.0538998435317457,0.1092032967031092,0.0003635302615504,1
etis_larib,157,0.9099899112816644,0.8348454025335269,0.8878634962398634,0.022174893413568,0.2228867623600022,0.0017133066819379,1
etis_larib,158,0.9729085564468704,0.9472462871282245,0.9674360443911842,0.0019494479120697,0.4704743465588532,0.8480606770673219,0
etis_larib,159,0.9901286635493268,0.9804503086791884,0.9892092344635772,0.000813540799405,0.49586776859248,0.953771596801822,0
etis_larib,16,0.0,0.0,1.0,1.0,0.0,9.01908438255267e-14,1
etis_larib,160,0.9844178555680206,0.9693138668941558,0.975827648326984,0.0021684092916798,0.5038013177876138,0.9208888182215748,0
etis_larib,161,0.988228074991469,0.9767300817159328,0.9847973333903122,0.0011149789317842,0.4975041597317076,7.417077078264448e-14,1
etis_larib,162,0.990082224294236,0.9803592412286568,0.9890711220110362,0.0007929533678868,0.5335413416508916,0.9650133593953226,0
etis_larib,163,0.983627789332466,0.9677830414966168,0.9744727579048708,0.0018199539307583,0.4264112903204314,0.9418471885508766,0
etis_larib,164,0.0,0.0,0.6553799360490811,0.4740975780429789,0.0,7.922109816285649e-14,1
etis_larib,165,0.9791192207433176,0.9590926194694624,0.971598593454152,0.0008952589652435,0.4368378158073607,0.905874921036036,0
etis_larib,166,0.9639570316105508,0.9304218657157072,0.9971722760104504,0.002925779108446,0.2910089224413795,0.9074495852105688,0
etis_larib,167,0.9789745145629584,0.9588149644902508,0.9741846605372704,0.0015743805740566,0.4068493150657065,0.941230312786046,0
etis_larib,168,0.0,0.0,0.0,1.0,0.0,6.172458490212843e-13,1
etis_larib,169,0.9566406472560216,0.9168851026639177,0.940838217405728,0.001836747191939,0.4265644955245649,0.905778894472421,0
etis_larib,17,0.5055524560983697,0.3382871872360928,0.341160122568232,0.0642449063951539,0.1055533674670911,0.540833247729074,0
etis_larib,170,0.0,0.0,0.0,1.0,0.0,0.8531053973944626,0
etis_larib,171,0.0,0.0,0.0,1.0,0.0,8.695954641899834e-14,1
etis_larib,172,0.9887386317199643,0.9777280757808656,0.9953542172330098,0.0017804967391921,0.3160605085281105,0.9614739495634118,0
etis_larib,173,0.9765768054860988,0.954225789215132,0.9763812622132946,0.0067972045763862,0.2913181424854591,0.9454785521943644,0
etis_larib,174,0.9647969160548574,0.9319880620699388,0.9633393197478376,0.0064377149834343,0.3304864463411419,0.9344897917970914,0
etis_larib,175,0.9887386317199643,0.9777280757808656,0.9953542172330098,0.0017804967391921,0.3160605085281105,0.9409896053240062,0
etis_larib,176,0.9587638408773588,0.9207938395889224,0.944892448086414,0.010967335626653,0.112522686025068,0.9271610974565312,0
etis_larib,177,0.9180126917673066,0.8484505176560515,0.8679392835629516,0.0276738085980597,0.1482959268492962,0.913382735607507,0
etis_larib,178,0.797705420621487,0.6634858330924478,0.6733379913810487,0.0603600860427743,0.1679479597866116,0.7534232124396124,0
etis_larib,179,0.989139855888006,0.9785130630082678,0.982642484554889,0.0036593438442745,0.536519386833777,0.9858757431240612,0
etis_larib,18,0.9377685284639542,0.8828287935282965,0.9567816091954024,0.0118950603338763,0.3273559710021848,0.9076273773342066,0
etis_larib,180,0.9557271470478992,0.9152082660639048,0.9250054090810744,0.0129571984936675,0.1800299337178105,0.9492193400198278,0
etis_larib,181,0.9653382109455858,0.9329988032396715,0.9723424199432508,0.0111745452744761,0.1892479801115766,0.9148739083021724,0
etis_larib,182,0.9713365766783092,0.9442705501686204,0.9754108690930444,0.0086656672535492,0.1015307111023027,0.9539687248379036,0
etis_larib,183,0.7802088589207253,0.6396249592617916,0.6793683399666196,0.0251458443905815,0.168421052630397,0.7341735709030847,0
etis_larib,184,0.95766354191327,0.9187662337659356,0.926271186440678,0.0021488437730293,0.3157110945620572,0.9052864962239476,0
etis_larib,185,0.9798271885433268,0.9604521680442178,0.968089430894309,0.0001578924781101,0.4104938271573264,0.902151412095242,0
etis_larib,186,0.9757779254123542,0.9527015181792527,0.9872613737734166,0.0009827344007766,0.3940345368885868,0.9087319254370012,0
etis_larib,187,0.9711452806071168,0.943909049841536,0.999380493282224,0.0007623720733372,0.2784602784579978,0.926132275241067,0
etis_larib,188,0.9524459199295174,0.909209307709855,0.9108684317246972,0.0035586493278035,0.329794762913448,0.8136273209549381,0
etis_larib,189,0.9577663364341246,0.9189554798654688,0.963347420973283,0.003363392944624,0.3064903846135427,0.8643319386735968,0
etis_larib,19,0.0,0.0,1.0,1.0,0.0,3.8249694002433363e-13,1
etis_larib,190,0.9822602416951428,0.9651389106889084,0.9793056565592688,0.0004763643898088,0.4257932446242283,0.868508464890361,0
etis_larib,191,0.0,0.0,1.0,1.0,0.0,7.955449482832496e-12,1
etis_larib,192,0.0,0.0,0.0,1.0,0.0,3.6775522212401894e-13,1
etis_larib,193,0.0,0.0,1.0,1.0,0.0,7.535795026318496e-12,1
etis_larib,194,0.9519676866706328,0.9083381061471678,0.927008530531592,0.0025061072662664,0.2963885429620399,2.2764005554412177e-13,1
etis_larib,195,0.0,0.0,1.0,1.0,0.0,7.468259895388588e-12,1
etis_larib,196,0.0,0.0,0.0,1.0,0.0,2.5819111306182176e-13,1
etis_larib,2,0.9513160959697408,0.9071523767206512,0.9407775768535264,0.0025642298856877,0.4976190476131236,0.9518559003849856,0
etis_larib,20,0.0,0.0,1.0,1.0,0.0,5.503274448293708e-13,1
etis_larib,21,0.9855258865743058,0.9714647949432288,0.9725521197190866,0.0013318605832006,0.4810126582250805,0.9570425282871676,0
etis_larib,22,0.0,0.0,1.0,1.0,0.0,5.163422316308585e-13,1
etis_larib,23,0.706318866651543,0.5459760125150513,0.5478144850189982,0.0219354309895113,0.2374501992012952,4.199210548415134e-13,1
etis_larib,24,0.0,0.0,0.1604328973807593,0.2624955539963366,0.0,0.8970936490851484,0
etis_larib,25,0.9229561900589556,0.8569346776241876,0.9497384620858984,0.0109806102821633,0.0843263061407684,0.930830266789335,0
etis_larib,26,0.0,0.0,0.0,1.0,0.0,0.9003821890684809,0
etis_larib,27,0.9650306461422388,0.932424368456098,0.9925604116945108,0.0018464709775756,0.1970985492736513,0.9555665267835144,0
etis_larib,28,0.9577518822231156,0.9189288672125414,0.9259420519316024,0.0062136558895526,0.4082548227886575,0.8488846246102304,0
etis_larib,29,0.0,0.0,1.0,1.0,0.0,2.033636345148347e-13,1
etis_larib,3,0.0,0.0,0.0,1.0,0.0,1.0262725779956626e-12,1
etis_larib,30,0.0,0.0,0.0,1.0,0.0,0.9113869340123546,0
etis_larib,31,0.0,0.0,1.0,1.0,0.0,2.551866690483438e-13,1
etis_larib,32,0.0,0.0,1.0,1.0,0.0,1.224604758813943e-13,1
etis_larib,33,0.0,0.0,1.0,1.0,0.0,1.3370771493513388e-13,1
etis_larib,34,0.0,0.0,1.0,1.0,0.0,9.850275807721649e-14,1
etis_larib,35,0.0,0.0,0.0,1.0,0.0,1.9214141608219968e-13,1
etis_larib,36,0.0,0.0,1.0,1.0,0.0,8.903926631636627e-13,1
etis_larib,37,0.973106599745117,0.9476218266702116,0.9800496903622946,0.000350974717171,0.4573705179246425,0.8983642712736837,0
etis_larib,38,0.9900568976772708,0.9803095792231038,0.9974289227558968,0.0006383084157241,0.6677551020353654,0.8803570311359762,0
etis_larib,39,0.9758387603464508,0.9528175081850928,0.979008766721386,0.001290163710928,0.4338292873889285,0.8763379549046924,0
etis_larib,4,0.0,0.0,0.0,1.0,0.0,9.91276764471658e-13,1
etis_larib,40,0.9681977351380248,0.938355892509638,0.9552752752752752,0.00299348279239,0.4014209591450479,0.8953713907868751,0
etis_larib,41,0.9879018320082084,0.9760928961746924,0.9799073456638472,0.0004914664518496,0.4553571428546018,0.9233994941564804,0
etis_larib,42,0.9653663871671396,0.9330514446789864,0.9864815932407968,0.0012255692758808,0.2246256239581978,0.8825622775800978,0
etis_larib,43,0.9735212256461756,0.9484085301802896,0.9673433145055866,0.0034760103126299,0.5378040762620789,0.5179004880765333,0
etis_larib,44,0.9554723939688476,0.914741159976916,0.952609144581822,0.0042170036653147,0.3165169315803973,0.6002442098629667,0
etis_larib,45,0.0,0.0,0.9149857375713122,0.148387866363718,0.0,0.589228612066659,0
etis_larib,46,0.985833943238028,0.9720636346138392,0.9962014220317522,0.0005286622165606,0.6168929110059058,0.5383131140633483,0
etis_larib,47,0.0,0.0,0.0,1.0,0.0,0.5703992488570001,0
etis_larib,48,0.966820040899672,0.9357711910532596,0.9456394698231916,0.0023907930780737,0.326043737572392,0.6455544049116386,0
etis_larib,49,0.986031348912836,0.9724475681330246,0.998295648221793,0.0008679884647722,0.5736925515010008,0.9446648155493962,0
etis_larib,5,0.0,0.0,0.0,1.0,0.0,1.1406410402633276e-12,1
etis_larib,50,0.994593722262367,0.9892455858744024,0.995893223819302,6.83887146561223e-05,0.7583401139075807,0.957269931000092,0
etis_larib,51,0.9895400767842611,0.9792967084088786,0.9846829685495472,0.0002230581349947,0.5524126455860865,0.9429797670141136,0
etis_larib,52,0.988596473961479,0.9774500963365502,0.9836398422552808,0.0013055503756892,0.3445265278698975,0.966654234479846,0
etis_larib,53,0.0,0.0,0.0,1.0,0.0,1.1203226529227869e-12,1
etis_larib,54,0.972757284340183,0.9469595349871748,0.9892074006395616,0.0024780254735406,0.500959692893465,0.9550989566683266,0
etis_larib,55,0.9934737466625272,0.9870321249627958,0.9905521110126956,0.0002794177919302,0.6897093479914399,0.9627159976376074,0
etis_larib,56,0.9907354364614918,0.9816409614025752,0.9817961165048544,0.0005989866472392,0.6057046979814958,0.9612455915357564,0
etis_larib,57,0.0,0.0,0.0,1.0,0.0,1.086602194935253e-12,1
etis_larib,58,0.0,0.0,1.0,1.0,0.0,1.1339154099091349e-12,1
etis_larib,59,0.0,0.0,0.0,1.0,0.0,0.0357961430095277,1
etis_larib,6,0.9897312260018796,0.9796712038174122,0.9912873399715504,0.0004096819208209,0.6666666666589237,0.9141201756845556,0
etis_larib,60,0.0,0.0,1.0,1.0,0.0,2.613012803755911e-12,1
etis_larib,61,0.8497713527068261,0.7387847231127378,0.7458600530531304,0.040211872170262,0.1635974304061516,0.959275462699133,0
etis_larib,62,0.0,0.0,0.0,1.0,0.0,0.8681558188677722,0
etis_larib,63,0.9933525278373428,0.9867928498377372,0.996336942305612,0.000225782883001,0.4400486914167984,0.9747229398797002,0
etis_larib,64,0.9941823655843586,0.9884320293926416,0.9892166242358396,0.0010860896683655,0.5640535372830974,0.9875197806523134,0
etis_larib,65,0.9763054463783296,0.9537077665640734,0.977790116601888,0.0011482767001107,0.423615337794135,0.9500953732866132,0
etis_larib,66,0.991751015697002,0.9836370094462318,0.9916961054107848,0.0012700276047284,0.356321839079382,0.9877796533033466,0
etis_larib,67,0.9860473938142672,0.9724787803678134,0.990725663716814,0.0011934885473238,0.5375796178309709,0.9573460831880968,0
etis_larib,68,0.9511199225846844,0.9067956795675488,0.9176699556440664,0.002544840859888,0.3455945252322875,0.9548109587702044,0
etis_larib,7,0.0,0.0,1.0,1.0,0.0,1.023960679908843e-12,1
etis_larib,70,0.0,0.0,1.0,1.0,0.0,3.591954022975604e-12,1
etis_larib,71,0.0,0.0,1.0,1.0,0.0,1.2685525815028945e-12,1
etis_larib,72,0.0,0.0,1.0,1.0,0.0,1.69923534409227e-12,1
etis_larib,74,0.0,0.0,1.0,1.0,0.0,1.4622020763248105e-12,1
etis_larib,75,0.962519017103424,0.9277461784563386,0.9398139867644428,0.0016103577296341,0.4355231143499328,0.8731283689359787,0
etis_larib,76,0.9737661798290485,0.948873600430394,0.965578231292517,0.0012142298134201,0.5282442748010955,0.8331729226821999,0
etis_larib,77,0.965688300949808,0.9336530775361038,0.971876910535969,0.0003283007972166,0.490230905852749,0.9059554413025858,0
etis_larib,78,0.9580510992264312,0.919479927005202,0.9809322033898306,0.0015945241368304,0.4745762711775033,0.81090100111261,0
etis_larib,79,0.939443950741476,0.8858032080419301,0.9188794153471376,0.0020473256352086,0.5317919075042044,0.8779739063700717,0
etis_larib,8,0.8240401420756543,0.7007383258218906,0.7009829777031887,0.0134528069442012,0.2904929577439217,0.6739502185066585,0
etis_larib,80,0.980527428507481,0.9617987339001952,0.9688184606396962,0.0010670973721902,0.6105032822690317,0.9138620851965508,0
etis_larib,81,0.990988476990017,0.982137918538134,0.99753005737571,0.0006236959940997,0.5241038318890643,0.9768472126997532,0
etis_larib,82,0.9883311316599256,0.9769314472249792,0.9889430182275988,0.0008895445241567,0.5378735232763178,0.960236386661044,0
etis_larib,83,0.9940837853943224,0.9882371622610804,0.9946449359720604,0.0005190564169375,0.4939489018355269,0.9812660827470718,0
etis_larib,84,0.987378992597143,0.975072594167828,0.9869777201752762,0.0004260645957115,0.4168403501441566,0.9817199403776096,0
etis_larib,85,0.9817892529109002,0.9642299059577571,0.9809171788369794,0.0018043710480255,0.4162135442391685,0.965956148380631,0
etis_larib,86,0.9897465272803968,0.9797011878771356,0.9946869287020108,0.000751414037591,0.5553997194911964,0.9703558723945356,0
etis_larib,87,0.0,0.0,0.0,1.0,0.0,0.4005826905761902,1
etis_larib,88,0.0,0.0,0.0,1.0,0.0,0.6122217398168804,0
etis_larib,89,0.0,0.0,0.0,1.0,0.0,2.552322613571842e-12,1
etis_larib,9,0.0,0.0,1.0,1.0,0.0,1.4600671630873704e-12,1
etis_larib,90,0.9526685287227652,0.9096151073938163,0.9593255435586452,0.0018867384521645,0.4726688102817898,0.919106074913504,0
etis_larib,91,0.6628860356186819,0.4957588158354167,0.5014949820602153,0.0650328494214346,0.1810526315779944,0.8845813406157661,0
etis_larib,92,0.0,0.0,1.0,1.0,0.0,2.440452948066566e-13,1
etis_larib,93,0.9231468849474036,0.8572635135129963,0.8658181818181818,0.0040035881484545,0.2271293375370438,0.8480576319765103,0
etis_larib,94,0.9330280480820456,0.8744635193126344,0.9449701789264412,0.0027815745845436,0.4546498277789362,0.8345575716301822,0
etis_larib,95,0.9526991991698146,0.9096710309154916,0.9462884054720788,0.001313293936081,0.4139860139802239,0.8530484973131739,0
etis_larib,96,0.9580427708037202,0.9194645844942336,0.9650565262076052,0.0016945035763936,0.4410112359488622,0.8127703398559473,0
etis_larib,97,0.930137463023782,0.8693990404156546,0.8992068737607403,0.0021318217195652,0.370813397124751,0.8142088266954713,0
etis_larib,98,0.9169608279924202,0.8466552749820602,0.862925365511077,0.0031420696373346,0.2869471413129779,0.8328059522792128,0
etis_larib,99,0.0,0.0,1.0,1.0,0.0,4.5446282494071333e-13,1
cvc_300,149,0.9824987675186664,0.9655995847029016,0.994241573033708,0.0021736692502066,0.3301258327140627,0.9204512996286918,0
cvc_300,150,0.0,0.0,0.0,1.0,0.0,0.9108974836674588,0
cvc_300,151,0.96069198842002,0.9243573394181324,0.9859389069751332,0.0009975742123617,0.438053097340287,0.9194437701564242,0
cvc_300,152,0.0,0.0,1.0,1.0,0.0,8.227743952601428e-13,1
cvc_300,153,0.0,0.0,1.0,1.0,0.0,7.544322897014301e-13,1
cvc_300,154,0.0,0.0,0.0,1.0,0.0,8.41892574506784e-13,1
cvc_300,155,0.0,0.0,1.0,1.0,0.0,1.0011012113314637e-12,1
cvc_300,156,0.9649619634621772,0.9322961373380554,0.9579256360078278,0.0034623595310629,0.4925816023665789,0.8869343953977835,0
cvc_300,157,0.9862122788755292,0.9727995894265168,0.981443298969072,0.001233170531331,0.6102819237046387,0.8797768479777687,0
cvc_300,158,0.9872002155746517,0.9747239590249106,0.9887459807073956,0.0006510090808167,0.53625632376836,0.8849978383053142,0
cvc_300,159,0.9799671977501287,0.9607212587562182,0.99719232569022,0.0020441717732194,0.4290220820121605,0.9125721169086968,0
cvc_300,160,0.9797257006553488,0.9602571595546928,0.995478343645883,0.0021308666674627,0.5206349206266566,0.8430548860272412,0
cvc_300,161,0.9546846677911404,0.9132982540051264,0.9585016525890562,0.0053562482648435,0.4905660377281357,0.845053147996835,0
cvc_300,162,0.8926594291459539,0.806129074145168,0.8217419777341192,0.0119582175712658,0.3959390862877167,0.8818001551858938,0
cvc_300,163,0.0,0.0,0.0,1.0,0.0,0.9032438792089736,0
cvc_300,164,0.989490703314026,0.9791999999991297,0.9965925394548064,0.0010996732475769,0.5467224546646203,0.9259277085238842,0
cvc_300,165,0.9849481105913868,0.9703426207750172,0.9749667527184542,0.0016579700767968,0.4922680412307697,0.9286851451198396,0
cvc_300,166,0.9756546914065072,0.952466598149562,0.993860201511335,0.0022699859796009,0.4679089026866676,0.875033118431548,0
cvc_300,167,0.9819524626821752,0.964544804331292,0.9750385208012328,0.0017032083875793,0.5395894428073373,0.8986981058278489,0
cvc_300,168,0.9888023369030008,0.9778526721220776,0.9980544747081712,0.0007144735048213,0.6487341772049251,0.8744036105739044,0
cvc_300,169,0.9665593262319516,0.9352828379666543,0.963044006807683,0.0044494961444836,0.4360699865351807,0.9471418732782596,0
cvc_300,170,0.9845126952270778,0.9694977875151568,0.9833866920481094,0.0022731601174591,0.5043310875793616,0.9621184757088762,0
cvc_300,171,0.984000753792426,0.9685053974847038,0.9794833535391216,0.0027299466918411,0.2969731581936209,0.9557932331541296,0
cvc_300,172,0.986061970622394,0.9725071375690256,0.998928418345478,0.0016601635104854,0.5405405405324243,0.9007412555015633,0
cvc_300,173,0.9370993932138548,0.8816434831543928,0.9049247049247048,0.0090794668028502,0.3176312247601934,0.9135318579418223,0
cvc_300,174,0.9687341558216614,0.9393641429029396,0.9891304347826086,0.003314067406049,0.3103448275813426,0.9293346714682512,0
cvc_300,175,0.9809353405722542,0.9625840043585624,0.9972889710412816,0.0006376526358718,0.3371559632988858,0.8559624280518888,0
cvc_300,176,0.9874805440884524,0.9752706857365492,0.987758945386064,6.900349835190716e-05,0.54257907541919,0.9049391191242168,0
cvc_300,177,0.9850521561452924,0.9705446069072148,0.9766181315761504,0.0015479673214231,0.5529953916965745,0.906109931587694,0
cvc_300,178,0.971068461758252,0.9437639198207752,0.9579360628154796,0.0038890096606763,0.5193199381681712,0.9092832254853724,0
cvc_300,179,0.9349401957226644,0.8778288242293024,0.8993201961965408,0.00686093444809,0.3882195448408538,0.8322954459306697,0
cvc_300,180,0.9799649758092726,0.9607169877198622,0.9813573276876028,0.0028800084469373,0.3340961098359943,0.8977403545703063,0
cvc_300,181,0.9800611264731092,0.960901826483104,0.9977708858305874,0.0018722109340275,0.3731778425601577,0.9520713265356624,0
cvc_300,182,0.9917695473245796,0.9836734693867256,0.9867924528301888,0.0006559177950876,0.6501547987515456,0.8772988339038827,0
cvc_300,183,0.9796338504514523,0.9600807032699812,0.9737338557538818,0.0019396301343004,0.4875444839770899,0.9082955539649182,0
cvc_300,184,0.9817587802879242,0.9641711229933634,0.9660109728355412,0.0015800443161146,0.4871355059950749,0.9186665694070184,0
cvc_300,185,0.9915454852880266,0.9832327297094048,0.989459520071765,0.0004516600431108,0.7467811158638029,0.8330509579045575,0
cvc_300,186,0.993543580828168,0.9871699975302562,0.9995034756703078,0.0003198609628962,0.79080459768297,0.9397225725095336,0
cvc_300,187,0.9908610885448914,0.9818877037613568,0.9915065722952476,0.0004217221247422,0.7016806722541664,0.916155419222994,0
cvc_300,188,0.9781051357068123,0.9571484992082204,0.969986086265156,0.0012605250410284,0.6172839506045826,0.8956037962257057,0
cvc_300,189,0.9844815550657872,0.9694373942460136,0.9900619790553538,0.0010142806330267,0.4662576687045052,0.9270342972428116,0
cvc_300,190,0.9905366554857508,0.9812507416625356,0.985964077554419,0.0010963084877304,0.6946688206672913,0.8858154606802393,0
cvc_300,191,0.9888963000741596,0.9780364765223296,0.9947562025514596,0.0009890961624434,0.5794871794797501,0.929813690254914,0
cvc_300,192,0.9569350967190864,0.9174262250691116,0.9212406185007688,0.0053165581956909,0.4652482269437553,0.9091994032819944,0
cvc_300,193,0.982797865591633,0.966177549522402,0.9921944692239072,0.001355982920616,0.5633802816829273,0.9030988686670344,0
cvc_300,194,0.9899557187597688,0.9801112061584116,0.9886168384879724,0.0011334550282855,0.5521628498657486,0.9128579188329662,0
cvc_300,195,0.9858702965679904,0.972134326833753,0.9865309479745014,0.0015589331039675,0.6248131539517965,0.8602475448893834,0
cvc_300,196,0.9723661485313918,0.9462184873938976,0.9596119133574008,0.0027809355349647,0.4984520123761849,0.9371046228710844,0
cvc_300,197,0.9869723814483686,0.9742798353903568,0.9935834759227572,0.0014731010718812,0.4141176470539515,0.938655541860264,0
cvc_300,198,0.9796338504514523,0.9600807032699812,0.9737338557538818,0.0019396301343004,0.4875444839770899,0.8762697751874469,0
cvc_300,199,0.951601321269112,0.9076712328758834,0.9478739276389408,0.0046571801877378,0.1521126760541956,0.8585251918586039,0
cvc_300,200,0.9898139079324292,0.979833236375839,0.992583918813427,0.0005444982858953,0.6885245901498253,0.9007883689977468,0
cvc_300,201,0.9742399628672844,0.9497737556539598,0.9944457301550568,0.0015847538010916,0.5219298245499576,0.910256410256523,0
cvc_300,202,0.9080401692664346,0.8315692058529518,0.833690427934449,0.01264710760255,0.2879640044961983,0.8111876640420722,0
cvc_300,203,0.9905366554857508,0.9812507416625356,0.985964077554419,0.0010963084877304,0.6946688206672913,0.9141742522757386,0
cvc_300,204,0.0,0.0,0.0,1.0,0.0,0.6030844155847377,0
cvc_300,205,0.0,0.0,0.0,1.0,0.0,0.6621995630012204,0
cvc_300,206,0.9718012660637412,0.9451492537278168,0.9874189858940144,0.0011411774151181,0.4872389791070246,0.9033326433452632,0
cvc_300,207,0.902776537808318,0.8227827502020785,0.8578537070824349,0.0082581392066343,0.3120567375831196,0.7336903602729627,0
cvc_300,208,0.0,0.0,0.0,1.0,0.0,0.8767200224659457,0
